name,image,code,category,sub_type,company,product_link
8/16 Channel Penta-brid 4MP 2U Digital Video Recorder,https://www.dahuasecurity.com/asset/upload/upfiles/XVR8808_16S_thumb.png,XVR8808/16S,ultra_dvr,2U,Dahua,https://www.dahuasecurity.com/products/productDetail/10541
8/16 Channel Quadri-brid 1080P-Ultra 2U Digital Video Recorder,https://www.dahuasecurity.com/asset/upload/upfiles/HCVR8808_16S-URH-S3_thumb.png,HCVR8808/16S-URH-S3,ultra_dvr,2U,Dahua,https://www.dahuasecurity.com/products/productDetail/10601 
8/16 Channel 1080P 2U Digital Video Recorder,https://www.dahuasecurity.com/asset/upload/upfiles/HCVR8808_16S-S3_thumb.png,HCVR8808/16S-S3,ultra_dvr,2U,Dahua,https://www.dahuasecurity.com/products/productDetail/5201 
8/16 Channel 1080P 1.5U Digital Video Recorder,https://www.dahuasecurity.com/asset/upload/upfiles/HCVR8408_16L-S3_thumb.png,HCVR8408/16L-S3,ultra_dvr,1.5U,Dahua,https://www.dahuasecurity.com/products/productDetail/5211 
8/16 Channel 1080P 1U Digital Video Recorder,https://www.dahuasecurity.com/asset/upload/upfiles/HCVR8208_16A-S3_thumb.png,HCVR8208/16A-S3,ultra_dvr,default,Dahua,https://www.dahuasecurity.com/products/productDetail/5221
16 Channel Penta-brid 4K 2U Digital Video RecorderSeriesPro,https://www.dahuasecurity.com/asset/upload/product/20180607/XVR7816S-4KL-X_thumb.PNG,XVR7816S-4KL-X,pro_dvr,2U,Dahua,https://www.dahuasecurity.com/products/productDetail/23427 
8/16 Channel Penta-brid 1080P 2U Digital Video Recorder,https://www.dahuasecurity.com/asset/upload/upfiles/XVR7808_16S_thumb.png,XVR7808/16S,pro_dvr,2U,Dahua,https://www.dahuasecurity.com/products/productDetail/10591 
16 Channel Penta-brid 4K 1.5U Digital Video RecorderSeriesPro,https://www.dahuasecurity.com/asset/upload/product/20180607/XVR7416L-4KL-X_thumb.PNG,XVR7416L-4KL-X1,pro_dvr,1.5U,Dahua,https://www.dahuasecurity.com/products/productDetail/23417
8/16 Channel Penta-brid 1080P 1.5U Digital Video Recorder,https://www.dahuasecurity.com/asset/upload/upfiles/XVR7408_16L_thumb.png,XVR7408/16L,pro_dvr,1.5U,Dahua,https://www.dahuasecurity.com/products/productDetail/10581 
16 Channel Penta-brid 4K 1.5U Digital Video RecorderSeriesPro,https://www.dahuasecurity.com/asset/upload/product/20180607/XVR7416L-4KL-X_thumb.PNG,XVR7416L-4KL-X2,pro_dvr,default,Dahua,https://www.dahuasecurity.com/products/productDetail/23417 
8/16 Channel Penta-brid 4K 1U Digital Video Recorder,https://www.dahuasecurity.com/asset/upload/product/20180524/XVR7208-16A-4KL-X_thumb.png,XVR7208/16A-4KL-X,pro_dvr,default,Dahua,https://www.dahuasecurity.com/products/productDetail/20627 
8 Channel Penta-brid 4K 1U Digital Video Recorder,https://www.dahuasecurity.com/asset/upload/product/20180524/XVR7208A-4K-X_thumb.png,XVR7208A-4K-X,pro_dvr,default,Dahua,https://www.dahuasecurity.com/products/productDetail/20567 
4/8 Channel 4K 1U Digital Video Recorder,https://www.dahuasecurity.com/asset/upload/upfiles/HCVR7204_08AN-4K_thumb.png,HCVR7204/08AN-4K,pro_dvr,default,Dahua,https://www.dahuasecurity.com/products/productDetail/13551 
4/8/16 Channel Penta-brid 1080P 1U Digital Video Recorder,https://www.dahuasecurity.com/asset/upload/upfiles/XVR7204_08_16AN_thumb.png,XVR7204/08/16AN,pro_dvr,default,Dahua,https://www.dahuasecurity.com/products/productDetail/3281 
4/8/16 Channel Penta-brid 1080P 1U Digital Video Recorder,https://www.dahuasecurity.com/asset/upload/upfiles/XVR7204_08_16A_thumb.png,XVR7204/08/16A,pro_dvr,default,Dahua,https://www.dahuasecurity.com/products/productDetail/3271 
4/8/16 Channel 4MP 1U Digital Video Recorder,https://www.dahuasecurity.com/asset/upload/upfiles/HCVR7204_08_16AN-4M_thumb.png,HCVR7204/08/16AN-4M,pro_dvr,default,Dahua,https://www.dahuasecurity.com/products/productDetail/6431 
4/8/16 Channel Tribrid 1080P 1U Digital Video Recorder,https://www.dahuasecurity.com/asset/upload/upfiles/HCVR7204_08_16A-S3_thumb.png,HCVR7204/08/16A-S3,pro_dvr,default,Dahua,https://www.dahuasecurity.com/products/productDetail/5251 
16 Channel Tribrid 1080P 1U Digital Video Recorder,https://www.dahuasecurity.com/asset/upload/upfiles/HCVR7216AN-S3_thumb.png,HCVR7216AN-S3,pro_dvr,default,Dahua,https://www.dahuasecurity.com/products/productDetail/5241 
16 Channel Penta-brid 4K 1.5U Digital Video RecorderSeriesPro,https://www.dahuasecurity.com/asset/upload/product/20180607/XVR7416L-4KL-X_thumb.PNG,XVR7416L-4KL-X3,pro_dvr,Mini default,Dahua,https://www.dahuasecurity.com/products/productDetail/23417 
4 Channel Penta-brid 1080P Smart 1U Digital Video Recorder,https://www.dahuasecurity.com/asset/upload/upfiles/XVR7104C_thumb.png,XVR7104C,ultra_dvr,Smart default,Dahua,https://www.dahuasecurity.com/products/productDetail/3261 
4 Channel Tribrid 1080P Smart 1U Digital Video Recorder,https://www.dahuasecurity.com/asset/upload/upfiles/HCVR7104C-S3_thumb.png,HCVR7104C-S3,ultra_dvr,Smart default,Dahua,https://www.dahuasecurity.com/products/productDetail/5261 
4/8 Channel Penta-brid 4K Elegant 1U Digital Video Recorder,https://www.dahuasecurity.com/asset/upload/product/20180308/DH-XVR7104-08E-4KL-B-X_thumb.png,XVR7104/08E-4KL-B-X,ultra_dvr,Elegant default,Dahua,https://www.dahuasecurity.com/products/productDetail/20587 
4/8 Channel Penta-brid 4K Elegant 1U Digital Video Recorder,https://www.dahuasecurity.com/asset/upload/product/20180309/DH-XVR7104-08E-4KL-X_thumb.png,XVR7104/08E-4KL-X,ultra_dvr,Elegant default,Dahua,https://www.dahuasecurity.com/products/productDetail/20577 
32 Channel Penta-brid 1080P 2U Digital Video Recorder,https://www.dahuasecurity.com/asset/upload/product/20180607/XVR5832S-X_thumb.png,XVR5832S-X,ultra_dvr,2U,Dahua,https://www.dahuasecurity.com/products/productDetail/23407 
8/16/32 Channel Penta-brid 1080P Lite 2U Digital Video Recorder,https://www.dahuasecurity.com/asset/upload/upfiles/XVR5808_16_32S_thumb.png,XVR5808/16/32S,light_dvr,2U,Dahua,https://www.dahuasecurity.com/products/productDetail/10571 
32 Channel Penta-brid 1080P 1.5U Digital Video Recorder,https://www.dahuasecurity.com/asset/upload/product/20180607/XVR5432L-X_thumb.png,XVR5432L-X,light_dvr,1.5U,Dahua,https://www.dahuasecurity.com/products/productDetail/23397 
8/16/32 Channel Penta-brid 1080P Lite 1.5U Digital Video Recorder,https://www.dahuasecurity.com/asset/upload/upfiles/XVR5408_16_32L_thumb.png,XVR5408/16/32L,light_dvr,1.5U,Dahua,https://www.dahuasecurity.com/products/productDetail/10561 
32 Channel Penta-brid 1080P Digital Video Recorder,https://www.dahuasecurity.com/asset/upload/product/20180308/DH-XVR5232AN-X_thumb.png,XVR5232AN-X,light_dvr,default,Dahua,https://www.dahuasecurity.com/products/productDetail/20557 
16 Channel Penta-brid 1080P Digital Video Recorder,https://www.dahuasecurity.com/asset/upload/product/20180308/DH-XVR5216A-X_thumb.png,XVR5216A-X,light_dvr,default,Dahua,https://www.dahuasecurity.com/products/productDetail/20547 
16 Channel Penta-brid 1080P Digital Video Recorder,https://www.dahuasecurity.com/asset/upload/product/20180308/DH-XVR5216AN-X_thumb.png,XVR5216AN-X,light_dvr,default,Dahua,https://www.dahuasecurity.com/products/productDetail/20537 
8/16 Channel Penta-brid 4K 1U Digital Video Recorder,https://www.dahuasecurity.com/asset/upload/product/20180308/DH-XVR5208-16AN-4KL-X_thumb.png,XVR5208/16AN-4KL-X,light_dvr,default,Dahua,https://www.dahuasecurity.com/products/productDetail/20487 
16/32 Channel Penta-brid 720P Digital Video Recorder,https://www.dahuasecurity.com/asset/upload/product/20180308/DH-XVR4216-32AN-X_thumb.png,XVR4216/32AN-X,light_dvr,default,Dahua,https://www.dahuasecurity.com/products/productDetail/20427 
8/16 Channel Penta-brid 4K 1U Digital Video Recorder,https://www.dahuasecurity.com/asset/upload/upfiles/XVR5208_16AN-4KL-8_16P_thumb.png,XVR5208/16AN-4KL-8/16P,light_dvr,default,Dahua,https://www.dahuasecurity.com/products/productDetail/18481 
32 Channel Penta-brid 1080P Digital Video Recorder,https://www.dahuasecurity.com/asset/upload/upfiles/XVR5232A-S2_thumb.png,XVR5232AN-S2,light_dvr,default,Dahua,https://www.dahuasecurity.com/products/productDetail/17331 
4/8/16 Channel Penta-brid 1080P Digital Video Recorder,https://www.dahuasecurity.com/asset/upload/upfiles/XVR5204_08_16A_-S2_thumb.png,XVR5204/08/16A-S2,light_dvr,default,Dahua,https://www.dahuasecurity.com/products/productDetail/17321 
4/8/16 Channel Penta-brid 1080P Digital Video Recorder,https://www.dahuasecurity.com/asset/upload/upfiles/XVR5204_08_16_32AN-S2_thumb.png,XVR5204/08/16AN-S2,light_dvr,default,Dahua,https://www.dahuasecurity.com/products/productDetail/17311 
4 Channel Penta-brid 1080P Mini 1U Digital Video Recorder,https://www.dahuasecurity.com/asset/upload/product/20180423/DH-XVR5104H-X_thumb.png,XVR5104H-X,light_dvr,Mini default,Dahua,https://www.dahuasecurity.com/products/productDetail/21817 
4 Channel Penta-brid 1080P Mini 1U Digital Video Recorder,https://www.dahuasecurity.com/asset/upload/product/20180423/DH-XVR5104HE-X_thumb.png,XVR5104HE-X,light_dvr,Mini default,Dahua,https://www.dahuasecurity.com/products/productDetail/21797 
8/16 Channel Penta-brid 1080P Mini 1U Digital Video Recorder,https://www.dahuasecurity.com/asset/upload/product/20180308/DH-XVR5108-16H-X_thumb.png,XVR5108/16H-X,light_dvr,Mini default,Dahua,https://www.dahuasecurity.com/products/productDetail/20517 
8/16 Channel Penta-brid 1080P Mini 1U Digital Video Recorder,https://www.dahuasecurity.com/asset/upload/product/20180308/DH-XVR5108-16HE-X_thumb.png,XVR5108/16HE-X,light_dvr,Mini default,Dahua,https://www.dahuasecurity.com/products/productDetail/20497 
8/16 Channel Penta-brid 4K Mini 1U Digital Video Recorder,https://www.dahuasecurity.com/asset/upload/product/20180308/DH-XVR5108-16H-4KL-X_thumb.png,XVR5108/16H-4KL-X,light_dvr,Mini default,Dahua,https://www.dahuasecurity.com/products/productDetail/20467 
4 Channel Penta-brid 4K Mini 1U Digital Video Recorder,https://www.dahuasecurity.com/asset/upload/product/20180308/DH-XVR5104H-4KL-X_thumb.png,XVR5104H-4KL-X,light_dvr,Mini default,Dahua,https://www.dahuasecurity.com/products/productDetail/20447 
8 Channel Penta-brid 4K Mini 1U Digital Video Recorder,https://www.dahuasecurity.com/asset/upload/upfiles/XVR5108H-4KL-8P_thumb.png,XVR5108H-4KL-8P,light_dvr,Mini default,Dahua,https://www.dahuasecurity.com/products/productDetail/18471 
4/8/16 Channel Penta-brid 1080P Mini 1U Digital Video Recorder,https://www.dahuasecurity.com/asset/upload/upfiles/XVR5104_08_16H-S2_thumb.png,XVR5104/08/16H-S2,light_dvr,Mini default,Dahua,https://www.dahuasecurity.com/products/productDetail/17371 
4/8/16 Channel Penta-brid 1080P Mini 1U Digital Video Recorder,https://www.dahuasecurity.com/asset/upload/upfiles/XVR5104_08_16HE-S2_thumb.png,XVR5104/08/16HE-S2,light_dvr,Mini default,Dahua,https://www.dahuasecurity.com/products/productDetail/17361 
4 Channel Penta-brid 1080P Compact 1U Digital Video Recorder,https://www.dahuasecurity.com/asset/upload/product/20180423/DH-XVR5104HS-X_thumb.png,XVR5104HS-X,light_dvr,Compact default,Dahua,https://www.dahuasecurity.com/products/productDetail/21807 
8 Channel Penta-brid 720P Compact 1U Digital Video Recorder,https://www.dahuasecurity.com/asset/upload/product/20180423/DH-XVR4108HS-X_thumb.png,XVR4108HS-X,light_dvr,Compact default,Dahua,https://www.dahuasecurity.com/products/productDetail/21777 
4 Channel Penta-brid 720P Compact 1U Digital Video Recorder,https://www.dahuasecurity.com/asset/upload/product/20180423/DH-XVR4104HS-X_thumb.png,XVR4104HS-X,light_dvr,Compact default,Dahua,https://www.dahuasecurity.com/products/productDetail/21757 
8/16 Channel Penta-brid 1080P Compact 1U Digital Video Recorder,https://www.dahuasecurity.com/asset/upload/product/20180308/DH-XVR5108-16HS-X_thumb.png,XVR5108/16HS-X,light_dvr,Compact default,Dahua,https://www.dahuasecurity.com/products/productDetail/20507 
8 Channel Penta-brid 4K Compact 1U Digital Video Recorder,https://www.dahuasecurity.com/asset/upload/product/20180308/DH-XVR5108HS-4KL-X_thumb.png,XVR5108HS-4KL-X,light_dvr,Compact default,Dahua,https://www.dahuasecurity.com/products/productDetail/20477 
4 Channel Penta-brid 4K Compact 1U Digital Video Recorder,https://www.dahuasecurity.com/asset/upload/product/20180308/DH-XVR5104HS-4KL-X_thumb.png,XVR5104HS-4KL-X,light_dvr,Compact default,Dahua,https://www.dahuasecurity.com/products/productDetail/20457 
16 Channel Penta-brid 720P Compact 1U Digital Video Recorder,https://www.dahuasecurity.com/asset/upload/product/20180308/DH-XVR4116HS-X_thumb.png,XVR4116HS-X,light_dvr,Compact default,Dahua,https://www.dahuasecurity.com/products/productDetail/20417 
4/8/16 Channel Penta-brid 1080P Compact 1U Digital Video Recorder,https://www.dahuasecurity.com/asset/upload/upfiles/XVR5104_08_16HS-S2_thumb.png,XVR5104/08/16HS-S2,light_dvr,Compact default,Dahua,https://www.dahuasecurity.com/products/productDetail/17351 
4/8/16 Channel Penta-brid 720P Compact 1U Digital Video Recorder,https://www.dahuasecurity.com/asset/upload/upfiles/XVR4104_08_16HS-S_thumb.png,XVR4104/08/16HS-S2,light_dvr,Compact default,Dahua,https://www.dahuasecurity.com/products/productDetail/17341 
4 Channel Penta-brid 1080P Smart 1U Digital Video Recorder,https://www.dahuasecurity.com/asset/upload/product/20180423/DH-XVR5104C-X_thumb.png,XVR5104C-X,light_dvr,Smart default,Dahua,https://www.dahuasecurity.com/products/productDetail/21787 
8 Channel Penta-brid 720P Smart 1U Digital Video Recorder,https://www.dahuasecurity.com/asset/upload/product/20180423/DH-XVR4108C-X_thumb.png,XVR4108C-X,light_dvr,Smart default,Dahua,https://www.dahuasecurity.com/products/productDetail/21767 
4 Channel Penta-brid 720P Smart 1U Digital Video Recorder,https://www.dahuasecurity.com/asset/upload/product/20180423/DH-XVR4104C-X_thumb.png,XVR4104C-X,light_dvr,Smart default,Dahua,https://www.dahuasecurity.com/products/productDetail/21737 
8 Channel Penta-brid 1080P Smart 1U Digital Video Recorder,https://www.dahuasecurity.com/asset/upload/product/20180308/DH-XVR5108C-X_thumb.png,XVR5108C-X,light_dvr,Smart default,Dahua,https://www.dahuasecurity.com/products/productDetail/20527 
4 Channel Penta-brid 4K Smart 1U Digital Video Recorder,https://www.dahuasecurity.com/asset/upload/product/20180308/DH-XVR5104C-4KL-X_thumb.png,XVR5104C-4KL-X,light_dvr,Smart default,Dahua,https://www.dahuasecurity.com/products/productDetail/20437 
4/8 Channel Penta-brid 1080P Smart 1U Digital Video Recorder,https://www.dahuasecurity.com/asset/upload/upfiles/XVR5104_08C-S2_thumb.png,XVR5104/08C-S2,light_dvr,Smart default,Dahua,https://www.dahuasecurity.com/products/productDetail/17391 
4/8 Channel Penta-brid 720P Smart 1U Digital Video Recorder,https://www.dahuasecurity.com/asset/upload/upfiles/XVR4104_08C-S_thumb.png,XVR4104/08C-S2,light_dvr,Smart default,Dahua,https://www.dahuasecurity.com/products/productDetail/17381 
4 Channel Penta-brid 4MP Smart 1U Digital Video Recorder,https://www.dahuasecurity.com/asset/upload/upfiles/XVR5104C-4M1_thumb.png,XVR5104C-4M,light_dvr,Smart default,Dahua,https://www.dahuasecurity.com/products/productDetail/16591 
4/8 Channel Penta-brid 1080P Lite Smart 1U Digital Video Recorder,https://www.dahuasecurity.com/asset/upload/upfiles/XVR5104_08C_thumb.png,XVR5104/08C,light_dvr,Smart default,Dahua,https://www.dahuasecurity.com/products/productDetail/3211 
4/8 Channel Penta-brid 1080N/720P Cooper 1U Digital Video Recorder,https://www.dahuasecurity.com/asset/upload/product/20180511/DH-XVR1A04-08_thumb.png,XVR1A04/08,ultra_dvr,Cooper default,Dahua,https://www.dahuasecurity.com/products/productDetail/22537 
Alarm Box,https://www.dahuasecurity.com/asset/upload/product/20180416/Alarm-Box_thumb.png,DHI- ARB1606,ultra_dvr,Alarm Box,Dahua,https://www.dahuasecurity.com/products/productDetail/21387 
Airfly Wireless Module,https://www.dahuasecurity.com/asset/upload/product/20180416/DH-PFM871A-N1_thumb.png,PFM871A-N1,ultra_dvr,IoT,Dahua,https://www.dahuasecurity.com/products/productDetail/21397 
8 Channel Tribrid Intelligent ATM DVR,https://www.dahuasecurity.com/asset/upload/product/20180607/HCVR0804AH-VD-I_thumb.png,HCVR0804AH-VD-I,ultra_dvr,default,Dahua,https://www.dahuasecurity.com/products/productDetail/23387 
4 Channel Tribrid small size ATM DVR,https://www.dahuasecurity.com/asset/upload/product/20180607/HCVR0404AS-VD_thumb.png,HCVR0404AS-VD,ultra_dvr,default,Dahua,https://www.dahuasecurity.com/products/productDetail/23377 
4 Channel Tribrid Intelligent ATM DVR,https://www.dahuasecurity.com/asset/upload/product/20180607/HCVR0404AH-VFD-I_thumb.png,HCVR0404AH-VFD-I,ultra_dvr,default,Dahua,https://www.dahuasecurity.com/products/productDetail/23367 
4/8 Channel Tribrid Analog&IP&HDCVI ATM DVR,https://www.dahuasecurity.com/asset/upload/product/20180607/HCVR0404AH-VFD_thumb.png,HCVR0404/0804AH-V(F)D,ultra_dvr,default,Dahua,https://www.dahuasecurity.com/products/productDetail/23357 
4 Channel Tribrid Analog&IP&HDCVI ATM DVR,https://www.dahuasecurity.com/asset/upload/product/20180607/HCVR0404AG-VD_thumb.png,HCVR0404AG-VD,ultra_dvr,default,Dahua,https://www.dahuasecurity.com/products/productDetail/23347 
4 Ch. 1080P Lite Cosmic HD DVR,http://www.cpplusworld.com/pub/media/catalog/product/cache/small_image/240x300/beff4985b56e3afdbeabfc89641a4582/h/t/httpwww.cpplusworld.comuploadsproductmedium1737p_cp-uvr-0404e1-s.jpg,CP-UVR-0404E1-S,4ch_dvr,default,CP_Plus,http://www.cpplusworld.com/cp-uvr-0404e1-s
4 Ch. 1080P Cosmic HD DVR,http://www.cpplusworld.com/pub/media/catalog/product/cache/small_image/240x300/beff4985b56e3afdbeabfc89641a4582/h/t/httpwww.cpplusworld.comuploadsproductmedium1740p_cp-uvr-0404k1-s.jpg,CP-UVR-0404K1-S,4ch_dvr,default,CP_Plus,http://www.cpplusworld.com/cp-uvr-0404k1-s
4 Ch. 1080P Cosmic HD DVR,http://www.cpplusworld.com/pub/media/catalog/product/cache/small_image/240x300/beff4985b56e3afdbeabfc89641a4582/h/t/httpwww.cpplusworld.comuploadsproductmedium1743p_cp-uvr-0401k2-s.jpg,CP-UVR-0401K2-S,4ch_dvr,default,CP_Plus,http://www.cpplusworld.com/cp-uvr-0401k2-s
4 Ch. 4MP HDCVI DVR,http://www.cpplusworld.com/pub/media/catalog/product/cache/small_image/240x300/beff4985b56e3afdbeabfc89641a4582/h/t/httpwww.cpplusworld.comuploadsproductmedium1825p_cp-uvr-0401fm1.jpg,CP-UVR-0401FM1,4ch_dvr,default,CP_Plus,http://www.cpplusworld.com/cp-uvr-0401fm1
4 Ch. 4MP HDCVI DVR,http://www.cpplusworld.com/pub/media/catalog/product/cache/small_image/240x300/beff4985b56e3afdbeabfc89641a4582/h/t/httpwww.cpplusworld.comuploadsproductmedium1828p_cp-uvr-0401fm2.jpg,CP-UVR-0401FM2,4ch_dvr,default,CP_Plus,http://www.cpplusworld.com/cp-uvr-0401fm2
4 Ch. 4MP Cosmic DVR,http://www.cpplusworld.com/pub/media/catalog/product/cache/small_image/240x300/beff4985b56e3afdbeabfc89641a4582/c/p/cp-uvr-0401d1-4m.jpg,CP-UVR-0401D1-4M,4ch_dvr,default,CP_Plus,http://www.cpplusworld.com/cp-uvr-0401d1-4m
4 Ch. 4MP Cosmic DVR,http://www.cpplusworld.com/pub/media/catalog/product/cache/small_image/240x300/beff4985b56e3afdbeabfc89641a4582/c/p/cp-uvr-0401d2-4m.jpg,CP-UVR-0401D2-4M,4ch_dvr,default,CP_Plus,http://www.cpplusworld.com/cp-uvr-0401d2-4m
4 Ch. 1080P Lite Cosmic HD DVR,http://www.cpplusworld.com/pub/media/catalog/product/cache/small_image/240x300/beff4985b56e3afdbeabfc89641a4582/c/p/cp-uvr-0401e1s-v4.jpg,CP-UVR-0401E1S-V4,4ch_dvr,default,CP_Plus,http://www.cpplusworld.com/cp-uvr-0401e1s-v4
4 Ch. 1080P Lite Cosmic HD DVR,http://www.cpplusworld.com/pub/media/catalog/product/cache/small_image/240x300/beff4985b56e3afdbeabfc89641a4582/c/p/cp-uvr-0401e1-v4.jpg,CP-UVR-0401E1-V4,4ch_dvr,default,CP_Plus,http://www.cpplusworld.com/cp-uvr-0401e1-v4
4 Ch. 1080P Cosmic HD DVR,http://www.cpplusworld.com/pub/media/catalog/product/cache/small_image/240x300/beff4985b56e3afdbeabfc89641a4582/c/p/cp-uvr-0401k1b-v4.jpg,CP-UVR-0401K1B-V4,4ch_dvr,default,CP_Plus,http://www.cpplusworld.com/cp-uvr-0401k1b-v4
4 Ch. 1080P Cosmic HD DVR,http://www.cpplusworld.com/pub/media/catalog/product/cache/small_image/240x300/beff4985b56e3afdbeabfc89641a4582/c/p/cp-uvr-0401k1-v4.jpg,CP-UVR-0401K1-V4,4ch_dvr,default,CP_Plus,http://www.cpplusworld.com/cp-uvr-0401k1-v4
4 Ch. 1080P Cosmic HD DVR,http://www.cpplusworld.com/pub/media/catalog/product/cache/small_image/240x300/beff4985b56e3afdbeabfc89641a4582/c/p/cp-uvr-0404k1-v4.jpg,CP-UVR-0404K1-V4,4ch_dvr,default,CP_Plus,http://www.cpplusworld.com/cp-uvr-0404k1-v4
4 Ch. 1080P Lite Cosmic HD DVR,http://www.cpplusworld.com/pub/media/catalog/product/cache/small_image/240x300/beff4985b56e3afdbeabfc89641a4582/c/p/cp-uvr-0404e2-v4.jpg,CP-UVR-0404E2-V4,4ch_dvr,default,CP_Plus,http://www.cpplusworld.com/cp-uvr-0404e2-v4
4 Ch. 1080P Cosmic HD DVR,http://www.cpplusworld.com/pub/media/catalog/product/cache/small_image/240x300/beff4985b56e3afdbeabfc89641a4582/c/p/cp-uvr-0404k2-v4.jpg,CP-UVR-0404K2-V4,4ch_dvr,default,CP_Plus,http://www.cpplusworld.com/cp-uvr-0404k2-v4
4 Ch. 1080P Cosmic HD DVR,http://www.cpplusworld.com/pub/media/catalog/product/cache/small_image/240x300/beff4985b56e3afdbeabfc89641a4582/c/p/cp-uvr-0401k2-v4.jpg,CP-UVR-0401K2-V4,4ch_dvr,default,CP_Plus,http://www.cpplusworld.com/cp-uvr-0401k2-v4
4Ch. 720P HDCVI DVR,http://www.cpplusworld.com/pub/media/catalog/product/cache/small_image/240x300/beff4985b56e3afdbeabfc89641a4582/h/t/httpwww.cpplusworld.comuploadsproductmedium1316p_cp-uvr-0404k1-v3.jpg,CP-UVR-0404K1-V3,4ch_dvr,default,CP_Plus,http://www.cpplusworld.com/cp-uvr-0404k1-v3
4 Ch. 720P-Advanced HDCVI DVR,http://www.cpplusworld.com/pub/media/catalog/product/cache/small_image/240x300/beff4985b56e3afdbeabfc89641a4582/h/t/httpwww.cpplusworld.comuploadsproductmedium1106-cp-uvr-0404k4.jpg,CP-UVR-0404K4,4ch_dvr,default,CP_Plus,http://www.cpplusworld.com/cp-uvr-0404k4
4 Ch. 720P HDCVI DVR,http://www.cpplusworld.com/pub/media/catalog/product/cache/small_image/240x300/beff4985b56e3afdbeabfc89641a4582/h/t/httpwww.cpplusworld.comuploadsproductmedium1151-cp-uvr-0401e1s.jpg,CP-UVR-0401E1S,4ch_dvr,default,CP_Plus,http://www.cpplusworld.com/cp-uvr-0401e1s
4 Ch. 720P Compact 1U HDCVI DVR,http://www.cpplusworld.com/pub/media/catalog/product/cache/small_image/240x300/beff4985b56e3afdbeabfc89641a4582/h/t/httpwww.cpplusworld.comuploadsproductmedium1153-cp-uvr-0401e1.jpg,CP-UVR-0401E1,4ch_dvr,default,CP_Plus,http://www.cpplusworld.com/cp-uvr-0401e1
4 Ch. 720P HDCVI DVR,http://www.cpplusworld.com/pub/media/catalog/product/cache/small_image/240x300/beff4985b56e3afdbeabfc89641a4582/h/t/httpwww.cpplusworld.comuploadsproductmedium1156-cp-uvr-0404e1.jpg,CP-UVR-0404E1,4ch_dvr,default,CP_Plus,http://www.cpplusworld.com/cp-uvr-0404e1
4 Ch. 1MP HDX DVR,http://www.cpplusworld.com/pub/media/catalog/product/cache/small_image/240x300/beff4985b56e3afdbeabfc89641a4582/h/t/httpwww.cpplusworld.comuploadsproductmedium1370p_cp-er-h0404g1.jpg,CP-ER-H0404G1,4ch_dvr,red,CP_Plus,http://www.cpplusworld.com/cp-er-h0404g1
4 Ch. 2MP HDX DVR,http://www.cpplusworld.com/pub/media/catalog/product/cache/small_image/240x300/beff4985b56e3afdbeabfc89641a4582/h/t/httpwww.cpplusworld.comuploadsproductmedium1381p_cp-er-h0404k1.jpg,CP-ER-H0404K1,4ch_dvr,red,CP_Plus,http://www.cpplusworld.com/cp-er-h0404k1
4 Ch. 2MP HDX DVR,http://www.cpplusworld.com/pub/media/catalog/product/cache/small_image/240x300/beff4985b56e3afdbeabfc89641a4582/h/t/httpwww.cpplusworld.comuploadsproductmedium1399p_cp-er-h0404k2.jpg,CP-ER-H0404K2,4ch_dvr,red,CP_Plus,http://www.cpplusworld.com/cp-er-h0404k2
4 Ch. 1080P Lite Astra DVR,http://www.cpplusworld.com/pub/media/catalog/product/cache/small_image/240x300/beff4985b56e3afdbeabfc89641a4582/h/t/httpwww.cpplusworld.comuploadsproductmedium1708p_cp-er-0404e1-t.jpg,CP-ER-0404E1-T,4ch_dvr,red,CP_Plus,http://www.cpplusworld.com/cp-er-0404e1-t
4 Ch. 1080P Astra DVR,http://www.cpplusworld.com/pub/media/catalog/product/cache/small_image/240x300/beff4985b56e3afdbeabfc89641a4582/h/t/httpwww.cpplusworld.comuploadsproductmedium1711p_cp-er-0404k1-t.jpg,CP-ER-0404K1-T,4ch_dvr,red,CP_Plus,http://www.cpplusworld.com/cp-er-0404k1-t
4 Ch. 1080P Lite Astra DVR,http://www.cpplusworld.com/pub/media/catalog/product/cache/small_image/240x300/beff4985b56e3afdbeabfc89641a4582/h/t/httpwww.cpplusworld.comuploadsproductmedium1713p_cp-er-0404e2-t.jpg,CP-ER-0404E2-T,4ch_dvr,red,CP_Plus,http://www.cpplusworld.com/cp-er-0404e2-t
4 Ch. 1080P Astra DVR,http://www.cpplusworld.com/pub/media/catalog/product/cache/small_image/240x300/beff4985b56e3afdbeabfc89641a4582/h/t/httpwww.cpplusworld.comuploadsproductmedium1716p_cp-er-0404k2-t.jpg,CP-ER-0404K2-T,4ch_dvr,red,CP_Plus,http://www.cpplusworld.com/cp-er-0404k2-t
4 Ch. 1080P Lite Astra DVR,http://www.cpplusworld.com/pub/media/catalog/product/cache/small_image/240x300/beff4985b56e3afdbeabfc89641a4582/c/p/cp-er-0404e1-ts.jpg,CP-ER-0404E1-TS,4ch_dvr,red,CP_Plus,http://www.cpplusworld.com/cp-er-0404e1-ts
4 Ch. 1080P Astra DVR,http://www.cpplusworld.com/pub/media/catalog/product/cache/small_image/240x300/beff4985b56e3afdbeabfc89641a4582/c/p/cp-er-0404k1-ts.jpg,CP-ER-0404K1-TS,4ch_dvr,red,CP_Plus,http://www.cpplusworld.com/cp-er-0404k1-ts
4 Ch. 5MP Astra DVR,http://www.cpplusworld.com/pub/media/catalog/product/cache/small_image/240x300/beff4985b56e3afdbeabfc89641a4582/c/p/cp-er-0404d1-5m.jpg,CP-ER-0404D1-5M,4ch_dvr,red,CP_Plus,http://www.cpplusworld.com/cp-er-0404d1-5m
4 Ch. 5MP Astra DVR,http://www.cpplusworld.com/pub/media/catalog/product/cache/small_image/240x300/beff4985b56e3afdbeabfc89641a4582/c/p/cp-er-0404d2-5m.jpg,CP-ER-0404D2-5M,4ch_dvr,red,CP_Plus,http://www.cpplusworld.com/cp-er-0404d2-5m
4 Ch. 1080P Indigo DVR,http://www.cpplusworld.com/pub/media/catalog/product/cache/small_image/240x300/beff4985b56e3afdbeabfc89641a4582/h/t/httpwww.cpplusworld.comuploadsproductmedium1878p_cp-vra-2k0404.jpg,CP-VRA-2K0404,4ch_dvr,indigo,CP_Plus,http://www.cpplusworld.com/cp-vra-2k0404
4 Ch. 1080P Lite Indigo DVR,http://www.cpplusworld.com/pub/media/catalog/product/cache/small_image/240x300/beff4985b56e3afdbeabfc89641a4582/h/t/httpwww.cpplusworld.comuploadsproductmedium2026p_cp-vra-2e0404.jpg,CP-VRA-2E0404,4ch_dvr,indigo,CP_Plus,http://www.cpplusworld.com/cp-vra-2e0404
4 Ch. 1080P Lite Indigo DVR,http://www.cpplusworld.com/pub/media/catalog/product/cache/small_image/240x300/beff4985b56e3afdbeabfc89641a4582/c/p/cp-vra-1e0404.jpg,CP-VRA-1E0404,4ch_dvr,indigo,CP_Plus,http://www.cpplusworld.com/cp-vra-1e0404
4 Ch. 1080P Indigo DVR,http://www.cpplusworld.com/pub/media/catalog/product/cache/small_image/240x300/beff4985b56e3afdbeabfc89641a4582/c/p/cp-vra-1k0404.jpg,CP-VRA-1K0404,4ch_dvr,indigo,CP_Plus,http://www.cpplusworld.com/cp-vra-1k0404
8 Ch. 4MP HDCVI DVR,http://www.cpplusworld.com/pub/media/catalog/product/cache/small_image/240x300/beff4985b56e3afdbeabfc89641a4582/h/t/httpwww.cpplusworld.comuploadsproductmedium1829p_cp-uvr-0801fm2.jpg,CP-UVR-0801FM2,8ch_dvr,default,CP_Plus,http://www.cpplusworld.com/cp-uvr-0801fm2
8 Ch. 4MP HDCVI DVR,http://www.cpplusworld.com/pub/media/catalog/product/cache/small_image/240x300/beff4985b56e3afdbeabfc89641a4582/h/t/httpwww.cpplusworld.comuploadsproductmedium1826p_cp-uvr-0801fm1.jpg,CP-UVR-0801FM1,8ch_dvr,default,CP_Plus,http://www.cpplusworld.com/cp-uvr-0801fm1
8 Ch. 1080P Cosmic HD DVR,http://www.cpplusworld.com/pub/media/catalog/product/cache/small_image/240x300/beff4985b56e3afdbeabfc89641a4582/h/t/httpwww.cpplusworld.comuploadsproductmedium1745p_cp-uvr-0801f2-s.jpg,CP-UVR-0801F2-S,8ch_dvr,default,CP_Plus,http://www.cpplusworld.com/cp-uvr-0801f2-s
8 Ch. 1080P Cosmic HD DVR,http://www.cpplusworld.com/pub/media/catalog/product/cache/small_image/240x300/beff4985b56e3afdbeabfc89641a4582/h/t/httpwww.cpplusworld.comuploadsproductmedium1744p_cp-uvr-0801k2-s.jpg,CP-UVR-0801K2-S,8ch_dvr,default,CP_Plus,http://www.cpplusworld.com/cp-uvr-0801k2-s
8 Ch. 1080P Cosmic HD DVR,http://www.cpplusworld.com/pub/media/catalog/product/cache/small_image/240x300/beff4985b56e3afdbeabfc89641a4582/h/t/httpwww.cpplusworld.comuploadsproductmedium1741p_cp-uvr-0808k1-s.jpg,CP-UVR-0808K1-S,8ch_dvr,default,CP_Plus,http://www.cpplusworld.com/cp-uvr-0808k1-s
8 Ch. 1080P Lite Cosmic HD DVR,http://www.cpplusworld.com/pub/media/catalog/product/cache/small_image/240x300/beff4985b56e3afdbeabfc89641a4582/h/t/httpwww.cpplusworld.comuploadsproductmedium1738p_cp-uvr-0808e1-s.jpg,CP-UVR-0808E1-S,8ch_dvr,default,CP_Plus,http://www.cpplusworld.com/cp-uvr-0808e1-s
8 Ch. 1080P Lite Cosmic HD DVR,http://www.cpplusworld.com/pub/media/catalog/product/cache/small_image/240x300/beff4985b56e3afdbeabfc89641a4582/h/t/httpwww.cpplusworld.comuploadsproductmedium1699p_cp-uvr-0801e1-s.jpg,CP-UVR-0801E1-S,8ch_dvr,default,CP_Plus,http://www.cpplusworld.com/cp-uvr-0801e1-s
8 Ch. 1080P Cosmic HD DVR,http://www.cpplusworld.com/pub/media/catalog/product/cache/small_image/240x300/beff4985b56e3afdbeabfc89641a4582/h/t/httpwww.cpplusworld.comuploadsproductmedium1694p_cp-uvr-0808k8d-s.jpg,CP-UVR-0808K8D-S,8ch_dvr,default,CP_Plus,http://www.cpplusworld.com/cp-uvr-0808k8d-s
8 Ch. 1080P Cosmic HD DVR,http://www.cpplusworld.com/pub/media/catalog/product/cache/small_image/240x300/beff4985b56e3afdbeabfc89641a4582/h/t/httpwww.cpplusworld.comuploadsproductmedium1693p_cp-uvr-0804k4d-s.jpg,CP-UVR-0804K4D-S,8ch_dvr,default,CP_Plus,http://www.cpplusworld.com/cp-uvr-0804k4d-s
8Ch. 1080P Cosmic HD DVR,http://www.cpplusworld.com/pub/media/catalog/product/cache/small_image/240x300/beff4985b56e3afdbeabfc89641a4582/h/t/httpwww.cpplusworld.comuploadsproductmedium1687p_cp-uvr-0808f1-s.jpg,CP-UVR-0808F1-S,8ch_dvr,default,CP_Plus,http://www.cpplusworld.com/cp-uvr-0808f1-s
8Ch. 1080P Cosmic HD DVR,http://www.cpplusworld.com/pub/media/catalog/product/cache/small_image/240x300/beff4985b56e3afdbeabfc89641a4582/h/t/httpwww.cpplusworld.comuploadsproductmedium1686p_cp-uvr-0801f1-s.jpg,CP-UVR-0801F1-S,8ch_dvr,default,CP_Plus,http://www.cpplusworld.com/cp-uvr-0801f1-s
8 Ch. 1080P Lite Cosmic HD DVR,http://www.cpplusworld.com/pub/media/catalog/product/cache/small_image/240x300/beff4985b56e3afdbeabfc89641a4582/c/p/cp-uvr-0801e1s-v4.jpg,CP-UVR-0801E1S-V4,8ch_dvr,default,CP_Plus,http://www.cpplusworld.com/cp-uvr-0801e1s-v4
8 Ch. 1080P Cosmic HD DVR,http://www.cpplusworld.com/pub/media/catalog/product/cache/small_image/240x300/beff4985b56e3afdbeabfc89641a4582/c/p/cp-uvr-0808k1-h.jpg,CP-UVR-0808K1-H,8ch_dvr,default,CP_Plus,http://www.cpplusworld.com/cp-uvr-0808k1-h
8 Ch. 1080P Cosmic HD DVR,http://www.cpplusworld.com/pub/media/catalog/product/cache/small_image/240x300/beff4985b56e3afdbeabfc89641a4582/c/p/cp-uvr-0801k2-v4.jpg,CP-UVR-0801K2-V4,8ch_dvr,default,CP_Plus,http://www.cpplusworld.com/cp-uvr-0801k2-v4
8 Ch. 1080P Cosmic HD DVR,http://www.cpplusworld.com/pub/media/catalog/product/cache/small_image/240x300/beff4985b56e3afdbeabfc89641a4582/c/p/cp-uvr-0804k2-v4.jpg,CP-UVR-0804K2-V4,8ch_dvr,default,CP_Plus,http://www.cpplusworld.com/cp-uvr-0804k2-v4
8 Ch. 1080P Lite Cosmic HD DVR,http://www.cpplusworld.com/pub/media/catalog/product/cache/small_image/240x300/beff4985b56e3afdbeabfc89641a4582/c/p/cp-uvr-0804e2-v4.jpg,CP-UVR-0804E2-V4,8ch_dvr,default,CP_Plus,http://www.cpplusworld.com/cp-uvr-0804e2-v4
8 Ch. 1080P Cosmic HD DVR,http://www.cpplusworld.com/pub/media/catalog/product/cache/small_image/240x300/beff4985b56e3afdbeabfc89641a4582/c/p/cp-uvr-0808k1-v4.jpg,CP-UVR-0808K1-V4,8ch_dvr,default,CP_Plus,http://www.cpplusworld.com/cp-uvr-0808k1-v4
8 Ch. 1080P Cosmic HD DVR,http://www.cpplusworld.com/pub/media/catalog/product/cache/small_image/240x300/beff4985b56e3afdbeabfc89641a4582/c/p/cp-uvr-0801k1-v4.jpg,CP-UVR-0801K1-V4,8ch_dvr,default,CP_Plus,http://www.cpplusworld.com/cp-uvr-0801k1-v4
8 Ch. 1080P Cosmic HD DVR,http://www.cpplusworld.com/pub/media/catalog/product/cache/small_image/240x300/beff4985b56e3afdbeabfc89641a4582/c/p/cp-uvr-0801k1b-v4.jpg,CP-UVR-0801K1B-V4,8ch_dvr,default,CP_Plus,http://www.cpplusworld.com/cp-uvr-0801k1b-v4
8 Ch. 1080P Lite Cosmic HD DVR,http://www.cpplusworld.com/pub/media/catalog/product/cache/small_image/240x300/beff4985b56e3afdbeabfc89641a4582/c/p/cp-uvr-0801e1-v4.jpg,CP-UVR-0801E1-V4,8ch_dvr,default,CP_Plus,http://www.cpplusworld.com/cp-uvr-0801e1-v4
8 Ch. 5MP Astra DVR,http://www.cpplusworld.com/pub/media/catalog/product/cache/small_image/240x300/beff4985b56e3afdbeabfc89641a4582/c/p/cp-er-0804d1-5m.jpg,CP-ER-0804D1-5M,8ch_dvr,red,CP_Plus,http://www.cpplusworld.com/cp-er-0804d1-5m
8 Ch. 5MP Astra DVR,http://www.cpplusworld.com/pub/media/catalog/product/cache/small_image/240x300/beff4985b56e3afdbeabfc89641a4582/c/p/cp-er-0808d2-5m.jpg,CP-ER-0808D2-5M,8ch_dvr,red,CP_Plus,http://www.cpplusworld.com/cp-er-0808d2-5m
8 Ch. 1MP HDX DVR,http://www.cpplusworld.com/pub/media/catalog/product/cache/small_image/240x300/beff4985b56e3afdbeabfc89641a4582/h/t/httpwww.cpplusworld.comuploadsproductmedium1371p_cp-er-h0804g1.jpg,CP-ER-H0804G1,8ch_dvr,red,CP_Plus,http://www.cpplusworld.com/cp-er-h0804g1
8 Ch. 1MP HDX DVR,http://www.cpplusworld.com/pub/media/catalog/product/cache/small_image/240x300/beff4985b56e3afdbeabfc89641a4582/h/t/httpwww.cpplusworld.comuploadsproductmedium1372p_cp-er-h0804p1.jpg,CP-ER-H0804P1,8ch_dvr,red,CP_Plus,http://www.cpplusworld.com/cp-er-h0804p1
8 Ch. 1MP HDX DVR,http://www.cpplusworld.com/pub/media/catalog/product/cache/small_image/240x300/beff4985b56e3afdbeabfc89641a4582/h/t/httpwww.cpplusworld.comuploadsproductmedium1375p_cp-er-h0808p2.jpg,CP-ER-H0808P2,8ch_dvr,red,CP_Plus,http://www.cpplusworld.com/cp-er-h0808p2
8 Ch. 2MP HDX DVR,http://www.cpplusworld.com/pub/media/catalog/product/cache/small_image/240x300/beff4985b56e3afdbeabfc89641a4582/h/t/httpwww.cpplusworld.comuploadsproductmedium1382p_cp-er-h0804k1.jpg,CP-ER-H0804K1,8ch_dvr,red,CP_Plus,http://www.cpplusworld.com/cp-er-h0804k1
8 Ch. 2MP HDX DVR,http://www.cpplusworld.com/pub/media/catalog/product/cache/small_image/240x300/beff4985b56e3afdbeabfc89641a4582/h/t/httpwww.cpplusworld.comuploadsproductmedium1400p_cp-er-h0808k2.jpg,CP-ER-H0808K2,8ch_dvr,red,CP_Plus,http://www.cpplusworld.com/cp-er-h0808k2
8 Ch. 2MP HDX DVR,http://www.cpplusworld.com/pub/media/catalog/product/cache/small_image/240x300/beff4985b56e3afdbeabfc89641a4582/h/t/httpwww.cpplusworld.comuploadsproductmedium1402p_cp-er-h0808k4.jpg,CP-ER-H0808K4,8ch_dvr,red,CP_Plus,http://www.cpplusworld.com/cp-er-h0808k4
8 Ch. 2MP HDX DVR,http://www.cpplusworld.com/pub/media/catalog/product/cache/small_image/240x300/beff4985b56e3afdbeabfc89641a4582/h/t/httpwww.cpplusworld.comuploadsproductmedium1404p_cp-er-h0808k8.jpg,CP-ER-H0808K8,8ch_dvr,red,CP_Plus,http://www.cpplusworld.com/cp-er-h0808k8
8 Ch. 1080P Lite Astra DVR,http://www.cpplusworld.com/pub/media/catalog/product/cache/small_image/240x300/beff4985b56e3afdbeabfc89641a4582/h/t/httpwww.cpplusworld.comuploadsproductmedium1709p_cp-er-0804e1-t.jpg,CP-ER-0804E1-T,8ch_dvr,red,CP_Plus,http://www.cpplusworld.com/cp-er-0804e1-t
8 Ch. 1080P Astra DVR,http://www.cpplusworld.com/pub/media/catalog/product/cache/small_image/240x300/beff4985b56e3afdbeabfc89641a4582/h/t/httpwww.cpplusworld.comuploadsproductmedium1712p_cp-er-0804k1-t.jpg,CP-ER-0804K1-T,8ch_dvr,red,CP_Plus,http://www.cpplusworld.com/cp-er-0804k1-t
8 Ch. 1080P Lite Astra DVR,http://www.cpplusworld.com/pub/media/catalog/product/cache/small_image/240x300/beff4985b56e3afdbeabfc89641a4582/h/t/httpwww.cpplusworld.comuploadsproductmedium1714p_cp-er-0808e2-t.jpg,CP-ER-0808E2-T,8ch_dvr,red,CP_Plus,http://www.cpplusworld.com/cp-er-0808e2-t
8 Ch. 1080P Astra DVR,http://www.cpplusworld.com/pub/media/catalog/product/cache/small_image/240x300/beff4985b56e3afdbeabfc89641a4582/h/t/httpwww.cpplusworld.comuploadsproductmedium1717p_cp-er-0808k2-t.jpg,CP-ER-0808K2-T,8ch_dvr,red,CP_Plus,http://www.cpplusworld.com/cp-er-0808k2-t
8 Ch. 1080P Astra DVR,http://www.cpplusworld.com/pub/media/catalog/product/cache/small_image/240x300/beff4985b56e3afdbeabfc89641a4582/h/t/httpwww.cpplusworld.comuploadsproductmedium1757p_cp-er-0808f4-t.jpg,CP-ER-0808F4-T,8ch_dvr,red,CP_Plus,http://www.cpplusworld.com/cp-er-0808f4-t
8 Ch. 1080P Lite Astra DVR,http://www.cpplusworld.com/pub/media/catalog/product/cache/small_image/240x300/beff4985b56e3afdbeabfc89641a4582/c/p/cp-er-0804e1-ts.jpg,CP-ER-0804E1-TS,8ch_dvr,red,CP_Plus,http://www.cpplusworld.com/cp-er-0804e1-ts
8 Ch. 1080P Astra DVR,http://www.cpplusworld.com/pub/media/catalog/product/cache/small_image/240x300/beff4985b56e3afdbeabfc89641a4582/c/p/cp-er-0804k1-ts.jpg,CP-ER-0804K1-TS,8ch_dvr,red,CP_Plus,http://www.cpplusworld.com/cp-er-0804k1-ts
8 Ch. 1080P Lite Indigo DVR,http://www.cpplusworld.com/pub/media/catalog/product/cache/small_image/240x300/beff4985b56e3afdbeabfc89641a4582/c/p/cp-vra-1e0804_1.jpg,CP-VRA-1E0804,8ch_dvr,indigo,CP_Plus,http://www.cpplusworld.com/cp-vra-1e0804
8 Ch. 1080P Indigo DVR,http://www.cpplusworld.com/pub/media/catalog/product/cache/small_image/240x300/beff4985b56e3afdbeabfc89641a4582/c/p/cp-vra-1k0804.jpg,CP-VRA-1K0804,8ch_dvr,indigo,CP_Plus,http://www.cpplusworld.com/cp-vra-1k0804
8 Ch. 1080P Indigo DVR,http://www.cpplusworld.com/pub/media/catalog/product/cache/small_image/240x300/beff4985b56e3afdbeabfc89641a4582/h/t/httpwww.cpplusworld.comuploadsproductmedium1879p_cp-vra-2k0808.jpg,CP-VRA-2K0808,8ch_dvr,indigo,CP_Plus,http://www.cpplusworld.com/cp-vra-2k0808
8 Ch. 1080P Indigo DVR,http://www.cpplusworld.com/pub/media/catalog/product/cache/small_image/240x300/beff4985b56e3afdbeabfc89641a4582/h/t/httpwww.cpplusworld.comuploadsproductmedium1882p_cp-vra-4f0808.jpg,CP-VRA-4F0808,8ch_dvr,indigo,CP_Plus,http://www.cpplusworld.com/cp-vra-4f0808
8 Ch. 1080P Lite Indigo DVR,http://www.cpplusworld.com/pub/media/catalog/product/cache/small_image/240x300/beff4985b56e3afdbeabfc89641a4582/h/t/httpwww.cpplusworld.comuploadsproductmedium2025p_cp-vra-2e0808.jpg,CP-VRA-2E0808,8ch_dvr,indigo,CP_Plus,http://www.cpplusworld.com/cp-vra-2e0808
16 Ch. 1080P Lite Cosmic HD DVR,http://www.cpplusworld.com/pub/media/catalog/product/cache/small_image/240x300/beff4985b56e3afdbeabfc89641a4582/h/t/httpwww.cpplusworld.comuploadsproductmedium1739p_cp-uvr-1616e1-s.jpg,CP-UVR-1616E1-S,16ch_dvr,default,CP_Plus,http://www.cpplusworld.com/cp-uvr-1616e1-s
16 Ch. 4MP HDCVI DVR,http://www.cpplusworld.com/pub/media/catalog/product/cache/small_image/240x300/beff4985b56e3afdbeabfc89641a4582/h/t/httpwww.cpplusworld.comuploadsproductmedium1830p_cp-uvr-1601fm2.jpg,CP-UVR-1601FM2,16ch_dvr,default,CP_Plus,http://www.cpplusworld.com/cp-uvr-1601fm2
16 Ch. 4MP HDCVI DVR,http://www.cpplusworld.com/pub/media/catalog/product/cache/small_image/240x300/beff4985b56e3afdbeabfc89641a4582/h/t/httpwww.cpplusworld.comuploadsproductmedium1827p_cp-uvr-1601fm1.jpg,CP-UVR-1601FM1,16ch_dvr,default,CP_Plus,http://www.cpplusworld.com/cp-uvr-1601fm1
16 Ch. 1080P Cosmic HD DVR,http://www.cpplusworld.com/pub/media/catalog/product/cache/small_image/240x300/beff4985b56e3afdbeabfc89641a4582/h/t/httpwww.cpplusworld.comuploadsproductmedium1747p_cp-uvr-1604f2-s.jpg,CP-UVR-1604F2-S,16ch_dvr,default,CP_Plus,http://www.cpplusworld.com/cp-uvr-1604f2-s
16 Ch. 1080P Lite Cosmic HD DVR,http://www.cpplusworld.com/pub/media/catalog/product/cache/small_image/240x300/beff4985b56e3afdbeabfc89641a4582/h/t/httpwww.cpplusworld.comuploadsproductmedium1746p_cp-uvr-1604e2-s.jpg,CP-UVR-1604E2-S,16ch_dvr,default,CP_Plus,http://www.cpplusworld.com/cp-uvr-1604e2-s
16 Ch. 1080P Cosmic HD DVR,http://www.cpplusworld.com/pub/media/catalog/product/cache/small_image/240x300/beff4985b56e3afdbeabfc89641a4582/h/t/httpwww.cpplusworld.comuploadsproductmedium1742p_cp-uvr-1616k1-s.jpg,CP-UVR-1616K1-S,16ch_dvr,default,CP_Plus,http://www.cpplusworld.com/cp-uvr-1616k1-s
16 Ch. 1080P Cosmic HD DVR,http://www.cpplusworld.com/pub/media/catalog/product/cache/small_image/240x300/beff4985b56e3afdbeabfc89641a4582/h/t/httpwww.cpplusworld.comuploadsproductmedium1700p_cp-uvr-1604k2-s.jpg,CP-UVR-1604K2-S,16ch_dvr,default,CP_Plus,http://www.cpplusworld.com/cp-uvr-1604k2-s
16 Ch.1080P Cosmic HD DVR,http://www.cpplusworld.com/pub/media/catalog/product/cache/small_image/240x300/beff4985b56e3afdbeabfc89641a4582/h/t/httpwww.cpplusworld.comuploadsproductmedium1696p_cp-uvr-1616k8d-s.jpg,CP-UVR-1616K8D-S,16ch_dvr,default,CP_Plus,http://www.cpplusworld.com/cp-uvr-1616k8d-s
16 Ch. 1080P Cosmic HD DVR,http://www.cpplusworld.com/pub/media/catalog/product/cache/small_image/240x300/beff4985b56e3afdbeabfc89641a4582/h/t/httpwww.cpplusworld.comuploadsproductmedium1695p_cp-uvr-1604k4d-s.jpg,CP-UVR-1604K4D-S,16ch_dvr,default,CP_Plus,http://www.cpplusworld.com/cp-uvr-1604k4d-s
16Ch. 1080P Cosmic HD DVR,http://www.cpplusworld.com/pub/media/catalog/product/cache/small_image/240x300/beff4985b56e3afdbeabfc89641a4582/h/t/httpwww.cpplusworld.comuploadsproductmedium1692p_cp-uvr-1616f1-s.jpg,CP-UVR-1616F1-S,16ch_dvr,default,CP_Plus,http://www.cpplusworld.com/cp-uvr-1616f1-s
16 Ch. 4K Cosmic DVR,http://www.cpplusworld.com/pub/media/catalog/product/cache/small_image/240x300/beff4985b56e3afdbeabfc89641a4582/c/p/cp-uvr-1601l2-4k.jpg,CP-UVR-1601L2-4K,16ch_dvr,default,CP_Plus,http://www.cpplusworld.com/cp-uvr-1601l2-4k
16 Ch. 1080P Cosmic HD DVR,http://www.cpplusworld.com/pub/media/catalog/product/cache/small_image/240x300/beff4985b56e3afdbeabfc89641a4582/c/p/cp-uvr-1601k2-v4.jpg,CP-UVR-1601K2-V4,16ch_dvr,default,CP_Plus,http://www.cpplusworld.com/cp-uvr-1601k2-v4
16 Ch. 1080P Cosmic HD DVR,http://www.cpplusworld.com/pub/media/catalog/product/cache/small_image/240x300/beff4985b56e3afdbeabfc89641a4582/c/p/cp-uvr-1604k2-v4.jpg,CP-UVR-1604K2-V4,16ch_dvr,default,CP_Plus,http://www.cpplusworld.com/cp-uvr-1604k2-v4
16 Ch. 1080P Lite Cosmic HD DVR,http://www.cpplusworld.com/pub/media/catalog/product/cache/small_image/240x300/beff4985b56e3afdbeabfc89641a4582/c/p/cp-uvr-1601e2-v4.jpg,CP-UVR-1601E2-V4,16ch_dvr,default,CP_Plus,http://www.cpplusworld.com/cp-uvr-1601e2-v4
16 Ch. 1080P Lite Cosmic HD DVR,http://www.cpplusworld.com/pub/media/catalog/product/cache/small_image/240x300/beff4985b56e3afdbeabfc89641a4582/c/p/cp-uvr-1604e2-v4.jpg,CP-UVR-1604E2-V4,16ch_dvr,default,CP_Plus,http://www.cpplusworld.com/cp-uvr-1604e2-v4
16 Ch. 1080P Cosmic HD DVR,http://www.cpplusworld.com/pub/media/catalog/product/cache/small_image/240x300/beff4985b56e3afdbeabfc89641a4582/c/p/cp-uvr-1616k1-v4.jpg,CP-UVR-1616K1-V4,16ch_dvr,default,CP_Plus,http://www.cpplusworld.com/cp-uvr-1616k1-v4
16 Ch. 1080P Cosmic HD DVR,http://www.cpplusworld.com/pub/media/catalog/product/cache/small_image/240x300/beff4985b56e3afdbeabfc89641a4582/c/p/cp-uvr-1601k1-v4.jpg,CP-UVR-1601K1-V4,16ch_dvr,default,CP_Plus,http://www.cpplusworld.com/cp-uvr-1601k1-v4
16 Ch. 1080P Cosmic HD DVR,http://www.cpplusworld.com/pub/media/catalog/product/cache/small_image/240x300/beff4985b56e3afdbeabfc89641a4582/c/p/cp-uvr-1601k1b-v4.jpg,CP-UVR-1601K1B-V4,16ch_dvr,default,CP_Plus,http://www.cpplusworld.com/cp-uvr-1601k1b-v4
16 Ch. 1080P Lite Cosmic HD DVR,http://www.cpplusworld.com/pub/media/catalog/product/cache/small_image/240x300/beff4985b56e3afdbeabfc89641a4582/c/p/cp-uvr-1601e1-v4.jpg,CP-UVR-1601E1-V4,16ch_dvr,default,CP_Plus,http://www.cpplusworld.com/cp-uvr-1601e1-v4
16Ch. 1080P Cosmic HD DVR,http://www.cpplusworld.com/pub/media/catalog/product/cache/small_image/240x300/beff4985b56e3afdbeabfc89641a4582/h/t/httpwww.cpplusworld.comuploadsproductmedium1691p_cp-uvr-1601f1-s.jpg,CP-UVR-1601F1-S,16ch_dvr,default,CP_Plus,http://www.cpplusworld.com/cp-uvr-1601f1-s
16 Ch. 1080P Lite Astra DVR,http://www.cpplusworld.com/pub/media/catalog/product/cache/small_image/240x300/beff4985b56e3afdbeabfc89641a4582/c/p/cp-er-1602e1-ts.jpg,CP-ER-1602E1-TS,16ch_dvr,red,CP_Plus,http://www.cpplusworld.com/cp-er-1602e1-ts
16 Ch. 1MP HDX DVR,http://www.cpplusworld.com/pub/media/catalog/product/cache/small_image/240x300/beff4985b56e3afdbeabfc89641a4582/h/t/httpwww.cpplusworld.comuploadsproductmedium1373p_cp-er-h1602g1.jpg,CP-ER-H1602G1,16ch_dvr,red,CP_Plus,http://www.cpplusworld.com/cp-er-h1602g1
16 Ch. 1080P Astra DVR,http://www.cpplusworld.com/pub/media/catalog/product/cache/small_image/240x300/beff4985b56e3afdbeabfc89641a4582/c/p/cp-er-1602k1-ts.jpg,CP-ER-1602K1-TS,16ch_dvr,red,CP_Plus,http://www.cpplusworld.com/cp-er-1602k1-ts
16 Ch. 1MP HDX DVR,http://www.cpplusworld.com/pub/media/catalog/product/cache/small_image/240x300/beff4985b56e3afdbeabfc89641a4582/h/t/httpwww.cpplusworld.comuploadsproductmedium1374p_cp-er-h1602p1.jpg,CP-ER-H1602P1,16ch_dvr,red,CP_Plus,http://www.cpplusworld.com/cp-er-h1602p1
16 Ch. 1MP HDX DVR,http://www.cpplusworld.com/pub/media/catalog/product/cache/small_image/240x300/beff4985b56e3afdbeabfc89641a4582/h/t/httpwww.cpplusworld.comuploadsproductmedium1376p_cp-er-h1606p2.jpg,CP-ER-H1606P2,16ch_dvr,red,CP_Plus,http://www.cpplusworld.com/cp-er-h1606p2
16 Ch. 1MP HDX DVR,http://www.cpplusworld.com/pub/media/catalog/product/cache/small_image/240x300/beff4985b56e3afdbeabfc89641a4582/h/t/httpwww.cpplusworld.comuploadsproductmedium1377p_cp-er-h1606g2.jpg,CP-ER-H1606G2,16ch_dvr,red,CP_Plus,http://www.cpplusworld.com/cp-er-h1606g2
16 Ch. 1 MP HDX DVR,http://www.cpplusworld.com/pub/media/catalog/product/cache/small_image/240x300/beff4985b56e3afdbeabfc89641a4582/h/t/httpwww.cpplusworld.comuploadsproductmedium1379p_cp-er-h1616p8.jpg,CP-ER-H1616P8,16ch_dvr,red,CP_Plus,http://www.cpplusworld.com/cp-er-h1616p8
16 Ch. 2 MP HDX DVR,http://www.cpplusworld.com/pub/media/catalog/product/cache/small_image/240x300/beff4985b56e3afdbeabfc89641a4582/h/t/httpwww.cpplusworld.comuploadsproductmedium1383p_cp-er-h1604k1.jpg,CP-ER-H1604K1,16ch_dvr,red,CP_Plus,http://www.cpplusworld.com/cp-er-h1604k1
16 Ch. 2 MP HDX DVR,http://www.cpplusworld.com/pub/media/catalog/product/cache/small_image/240x300/beff4985b56e3afdbeabfc89641a4582/h/t/httpwww.cpplusworld.comuploadsproductmedium1401p_cp-er-h1604k2.jpg,CP-ER-H1604K2,16ch_dvr,red,CP_Plus,http://www.cpplusworld.com/cp-er-h1604k2
16 Ch. 2MP HDX DVR,http://www.cpplusworld.com/pub/media/catalog/product/cache/small_image/240x300/beff4985b56e3afdbeabfc89641a4582/h/t/httpwww.cpplusworld.comuploadsproductmedium1403p_cp-er-h1616k4.jpg,CP-ER-H1616K4,16ch_dvr,red,CP_Plus,http://www.cpplusworld.com/cp-er-h1616k4
16 Ch. 2MP HDX DVR,http://www.cpplusworld.com/pub/media/catalog/product/cache/small_image/240x300/beff4985b56e3afdbeabfc89641a4582/h/t/httpwww.cpplusworld.comuploadsproductmedium1405p_cp-er-h1616k8.jpg,CP-ER-H1616K8,16ch_dvr,red,CP_Plus,http://www.cpplusworld.com/cp-er-h1616k8
16 Ch. 1080P Lite Astra DVR,http://www.cpplusworld.com/pub/media/catalog/product/cache/small_image/240x300/beff4985b56e3afdbeabfc89641a4582/h/t/httpwww.cpplusworld.comuploadsproductmedium1710p_cp-er-1602e1-t.jpg,CP-ER-1602E1-T,16ch_dvr,red,CP_Plus,http://www.cpplusworld.com/cp-er-1602e1-t
16 Ch. 1080P Lite Astra DVR,http://www.cpplusworld.com/pub/media/catalog/product/cache/small_image/240x300/beff4985b56e3afdbeabfc89641a4582/h/t/httpwww.cpplusworld.comuploadsproductmedium1715p_cp-er-1606e2-t.jpg,CP-ER-1606E2-T,16ch_dvr,red,CP_Plus,http://www.cpplusworld.com/cp-er-1606e2-t
16 Ch. 1080P Astra DVR,http://www.cpplusworld.com/pub/media/catalog/product/cache/small_image/240x300/beff4985b56e3afdbeabfc89641a4582/h/t/httpwww.cpplusworld.comuploadsproductmedium1718p_cp-er-1602k1-t.jpg,CP-ER-1602K1-T,16ch_dvr,red,CP_Plus,http://www.cpplusworld.com/cp-er-1602k1-t
16 Ch. 1080P Astra DVR,http://www.cpplusworld.com/pub/media/catalog/product/cache/small_image/240x300/beff4985b56e3afdbeabfc89641a4582/h/t/httpwww.cpplusworld.comuploadsproductmedium1719p_cp-er-1606k2-t.jpg,CP-ER-1606K2-T,16ch_dvr,red,CP_Plus,http://www.cpplusworld.com/cp-er-1606k2-t
16 Ch. 1080P Astra DVR,http://www.cpplusworld.com/pub/media/catalog/product/cache/small_image/240x300/beff4985b56e3afdbeabfc89641a4582/h/t/httpwww.cpplusworld.comuploadsproductmedium1758p_cp-er-1616k4-t.jpg,CP-ER-1616K4-T,16ch_dvr,red,CP_Plus,http://www.cpplusworld.com/cp-er-1616k4-t
16 Ch. 1080P Astra DVR,http://www.cpplusworld.com/pub/media/catalog/product/cache/small_image/240x300/beff4985b56e3afdbeabfc89641a4582/h/t/httpwww.cpplusworld.comuploadsproductmedium1760p_cp-er-1616k8-t.jpg,CP-ER-1616K8-T,16ch_dvr,red,CP_Plus,http://www.cpplusworld.com/cp-er-1616k8-t
16 Ch. 1080P Lite Indigo DVR,http://www.cpplusworld.com/pub/media/catalog/product/cache/small_image/240x300/beff4985b56e3afdbeabfc89641a4582/c/p/cp-vra-1e1602.jpg,CP-VRA-1E1602,16ch_dvr,indigo,CP_Plus,http://www.cpplusworld.com/cp-vra-1e1602
16 Ch. 1080P Indigo DVR,http://www.cpplusworld.com/pub/media/catalog/product/cache/small_image/240x300/beff4985b56e3afdbeabfc89641a4582/c/p/cp-vra-1k1602.jpg,CP-VRA-1K1602,16ch_dvr,indigo,CP_Plus,http://www.cpplusworld.com/cp-vra-1k1602
16 Ch. 1080P Lite Indigo DVR,http://www.cpplusworld.com/pub/media/catalog/product/cache/small_image/240x300/beff4985b56e3afdbeabfc89641a4582/h/t/httpwww.cpplusworld.comuploadsproductmedium1876p_cp-vra-2e1606.jpg,CP-VRA-2E1606,16ch_dvr,indigo,CP_Plus,http://www.cpplusworld.com/cp-vra-2e1606
16 Ch. 1080P Indigo DVR,http://www.cpplusworld.com/pub/media/catalog/product/cache/small_image/240x300/beff4985b56e3afdbeabfc89641a4582/h/t/httpwww.cpplusworld.comuploadsproductmedium1880p_cp-vra-2k1606.jpg,CP-VRA-2K1606,16ch_dvr,indigo,CP_Plus,http://www.cpplusworld.com/cp-vra-2k1606
16 Ch. 1080P Indigo DVR,http://www.cpplusworld.com/pub/media/catalog/product/cache/small_image/240x300/beff4985b56e3afdbeabfc89641a4582/h/t/httpwww.cpplusworld.comuploadsproductmedium1883p_cp-vra-4k1616.jpg,CP-VRA-4K1616,16ch_dvr,indigo,CP_Plus,http://www.cpplusworld.com/cp-vra-4k1616
16 Ch. 1080P Indigo DVR,http://www.cpplusworld.com/pub/media/catalog/product/cache/small_image/240x300/beff4985b56e3afdbeabfc89641a4582/h/t/httpwww.cpplusworld.comuploadsproductmedium1885p_cp-vra-8k1616.jpg,CP-VRA-8K1616,16ch_dvr,indigo,CP_Plus,http://www.cpplusworld.com/cp-vra-8k1616
24 Ch. 720P HDCVI DVR,http://www.cpplusworld.com/pub/media/catalog/product/cache/small_image/240x300/beff4985b56e3afdbeabfc89641a4582/h/t/httpwww.cpplusworld.comuploadsproductmedium1165-cp-uvr-2401e2.jpg,CP-UVR-2401E2,24ch_dvr,default,CP_Plus,http://www.cpplusworld.com/cp-uvr-2401e2
32 Ch. 1080P Cosmic HD DVR,http://www.cpplusworld.com/pub/media/catalog/product/cache/small_image/240x300/beff4985b56e3afdbeabfc89641a4582/c/p/cp-uvr-3201k2-v4.jpg,CP-UVR-3201K2-V4,32ch_dvr,default,CP_Plus,http://www.cpplusworld.com/cp-uvr-3201k2-v4
32Ch. 1080P Lite Cosmic HD DVR,http://www.cpplusworld.com/pub/media/catalog/product/cache/small_image/240x300/beff4985b56e3afdbeabfc89641a4582/c/p/cp-uvr-3201e2-v4.jpg,CP-UVR-3201E2-V4,32ch_dvr,default,CP_Plus,http://www.cpplusworld.com/cp-uvr-3201e2-v4
32 Ch. 1080P Cosmic HD DVR,http://www.cpplusworld.com/pub/media/catalog/product/cache/small_image/240x300/beff4985b56e3afdbeabfc89641a4582/h/t/httpwww.cpplusworld.comuploadsproductmedium1802p_cp-uvr-3201k2-s.jpg,CP-UVR-3201K2-S,32ch_dvr,default,CP_Plus,http://www.cpplusworld.com/cp-uvr-3201k2-s
32 Ch. 1080P Lite Cosmic HD DVR,http://www.cpplusworld.com/pub/media/catalog/product/cache/small_image/240x300/beff4985b56e3afdbeabfc89641a4582/h/t/httpwww.cpplusworld.comuploadsproductmedium1801p_cp-uvr-3201e2-s.jpg,CP-UVR-3201E2-S,32ch_dvr,default,CP_Plus,http://www.cpplusworld.com/cp-uvr-3201e2-s
32 Ch. 1080P Tribrid DVR,http://www.cpplusworld.com/pub/media/catalog/product/cache/small_image/240x300/beff4985b56e3afdbeabfc89641a4582/h/t/httpwww.cpplusworld.comuploadsproductmedium1112-cp-uvr-3204k4.jpg,CP-UVR-3204K4D-V2,32ch_dvr,default,CP_Plus,http://www.cpplusworld.com/cp-uvr-3204k4d-v2
32 Ch. 1080P Cosmic HD DVR,http://www.cpplusworld.com/pub/media/catalog/product/cache/small_image/240x300/beff4985b56e3afdbeabfc89641a4582/h/t/httpwww.cpplusworld.comuploadsproductmedium1698p_cp-uvr-3216k8d-s.jpg,CP-UVR-3216K8D-S,32ch_dvr,default,CP_Plus,http://www.cpplusworld.com/cp-uvr-3216k8d-s
32 Ch. 1080P Cosmic HD DVR,http://www.cpplusworld.com/pub/media/catalog/product/cache/small_image/240x300/beff4985b56e3afdbeabfc89641a4582/h/t/httpwww.cpplusworld.comuploadsproductmedium1697p_cp-uvr-3204k4d-s.jpg,CP-UVR-3204K4D-S,32ch_dvr,default,CP_Plus,http://www.cpplusworld.com/cp-uvr-3204k4d-s
32 Ch. 720P Advanced HDCVI DVR,http://www.cpplusworld.com/pub/media/catalog/product/cache/small_image/240x300/beff4985b56e3afdbeabfc89641a4582/h/t/httpwww.cpplusworld.comuploadsproductmedium1567p_cp-uvr-3216k8d-v2.jpg,CP-UVR-3216K8D-V2,32ch_dvr,default,CP_Plus,http://www.cpplusworld.com/cp-uvr-3216k8d-v2
32 Ch. 720P HDCVI DVR,http://www.cpplusworld.com/pub/media/catalog/product/cache/small_image/240x300/beff4985b56e3afdbeabfc89641a4582/h/t/httpwww.cpplusworld.comuploadsproductmedium1566p_cp-uvr-3216k8d.jpg,CP-UVR-3216K8D,32ch_dvr,default,CP_Plus,http://www.cpplusworld.com/cp-uvr-3216k8d
32Ch. 720P HDCVI DVR,http://www.cpplusworld.com/pub/media/catalog/product/cache/small_image/240x300/beff4985b56e3afdbeabfc89641a4582/h/t/httpwww.cpplusworld.comuploadsproductmedium1461p_cp-uvr-3201e2-v3.jpg,CP-UVR-3201E2-V3,32ch_dvr,default,CP_Plus,http://www.cpplusworld.com/cp-uvr-3201e2-v3
32 Ch. 720P HDCVI DVR,http://www.cpplusworld.com/pub/media/catalog/product/cache/small_image/240x300/beff4985b56e3afdbeabfc89641a4582/h/t/httpwww.cpplusworld.comuploadsproductmedium1166-cp-uvr-3201e2.jpg,CP-UVR-3201E2,32ch_dvr,default,CP_Plus,http://www.cpplusworld.com/cp-uvr-3201e2
32 Ch. 720P HDCVI DVR,http://www.cpplusworld.com/pub/media/catalog/product/cache/small_image/240x300/beff4985b56e3afdbeabfc89641a4582/h/t/httpwww.cpplusworld.comuploadsproductmedium1113-cp-uvr-3216k8.jpg,CP-UVR-3216K8,32ch_dvr,default,CP_Plus,http://www.cpplusworld.com/cp-uvr-3216k8
32 Ch. 1080P Astra DVR,http://www.cpplusworld.com/pub/media/catalog/product/cache/small_image/240x300/beff4985b56e3afdbeabfc89641a4582/h/t/httpwww.cpplusworld.comuploadsproductmedium1759p_cp-er-3216k4-t.jpg,CP-ER-3216K4-T,32ch_dvr,red,CP_Plus,http://www.cpplusworld.com/cp-er-3216k4-t
32 Ch. 1080P Lite HDX DVR,http://www.cpplusworld.com/pub/media/catalog/product/cache/small_image/240x300/beff4985b56e3afdbeabfc89641a4582/h/t/httpwww.cpplusworld.comuploadsproductmedium1781p_cp-er-h3216p2.jpg,CP-ER-H3216P2,32ch_dvr,red,CP_Plus,http://www.cpplusworld.com/cp-er-h3216p2
32 Ch. 1080P Lite Astra DVR,http://www.cpplusworld.com/pub/media/catalog/product/cache/small_image/240x300/beff4985b56e3afdbeabfc89641a4582/h/t/httpwww.cpplusworld.comuploadsproductmedium1768p_cp-er-3216e2-t.jpg,CP-ER-3216E2-T,32ch_dvr,red,CP_Plus,http://www.cpplusworld.com/cp-er-3216e2-t
32 Ch. 1080P Astra DVR,http://www.cpplusworld.com/pub/media/catalog/product/cache/small_image/240x300/beff4985b56e3afdbeabfc89641a4582/h/t/httpwww.cpplusworld.comuploadsproductmedium1761p_cp-er-3216k8-t.jpg,CP-ER-3216K8-T,32ch_dvr,red,CP_Plus,http://www.cpplusworld.com/cp-er-3216k8-t
32 Ch. 1080P Astra DVR,http://www.cpplusworld.com/pub/media/catalog/product/cache/small_image/240x300/beff4985b56e3afdbeabfc89641a4582/h/t/httpwww.cpplusworld.comuploadsproductmedium1756p_cp-er-3216k2-t.jpg,CP-ER-3216K2-T,32ch_dvr,red,CP_Plus,http://www.cpplusworld.com/cp-er-3216k2-t
32Ch. 1 MP HDX DVR,http://www.cpplusworld.com/pub/media/catalog/product/cache/small_image/240x300/beff4985b56e3afdbeabfc89641a4582/h/t/httpwww.cpplusworld.comuploadsproductmedium1380p_cp-er-h3216p8.jpg,CP-ER-H3216P8,32ch_dvr,red,CP_Plus,http://www.cpplusworld.com/cp-er-h3216p8
32Ch. 1 MP HDX DVR,http://www.cpplusworld.com/pub/media/catalog/product/cache/small_image/240x300/beff4985b56e3afdbeabfc89641a4582/h/t/httpwww.cpplusworld.comuploadsproductmedium1378p_cp-er-h3216p4.jpg,CP-ER-H3216P4,32ch_dvr,red,CP_Plus,http://www.cpplusworld.com/cp-er-h3216p4
32 Ch. 1080P Lite Indigo DVR,http://www.cpplusworld.com/pub/media/catalog/product/cache/small_image/240x300/beff4985b56e3afdbeabfc89641a4582/h/t/httpwww.cpplusworld.comuploadsproductmedium1877p_cp-vra-2e3216.jpg,CP-VRA-2E3216,32ch_dvr,indigo,CP_Plus,http://www.cpplusworld.com/cp-vra-2e3216
32 Ch. 1080P Indigo DVR,http://www.cpplusworld.com/pub/media/catalog/product/cache/small_image/240x300/beff4985b56e3afdbeabfc89641a4582/h/t/httpwww.cpplusworld.comuploadsproductmedium1881p_cp-vra-2k3216.jpg,CP-VRA-2K3216,32ch_dvr,indigo,CP_Plus,http://www.cpplusworld.com/cp-vra-2k3216
32 Ch. 1080P Indigo DVR,http://www.cpplusworld.com/pub/media/catalog/product/cache/small_image/240x300/beff4985b56e3afdbeabfc89641a4582/h/t/httpwww.cpplusworld.comuploadsproductmedium1884p_cp-vra-4k3216.jpg,CP-VRA-4K3216,32ch_dvr,indigo,CP_Plus,http://www.cpplusworld.com/cp-vra-4k3216
32 Ch. 1080P Indigo DVR,http://www.cpplusworld.com/pub/media/catalog/product/cache/small_image/240x300/beff4985b56e3afdbeabfc89641a4582/h/t/httpwww.cpplusworld.comuploadsproductmedium1886p_cp-vra-8k3216.jpg,CP-VRA-8K3216,32ch_dvr,indigo,CP_Plus,http://www.cpplusworld.com/cp-vra-8k3216
