name,image,code,category,sub_type,Company,product_link
1 MP HDCVI BoxCamera,http://www.cpplusworld.com/pub/media/catalog/product/cache/small_image/240x300/beff4985b56e3afdbeabfc89641a4582/h/t/httpwww.cpplusworld.comuploadsproductmedium1098-cp-uvc-bc10-a.jpg,CP-UVC-BC10-A,HD_Cam,default,CP_Plus,http://www.cpplusworld.com/cp-uvc-bc10-a
1MP HD HDCVI Pinhole Camera,http://www.cpplusworld.com/pub/media/catalog/product/cache/small_image/240x300/beff4985b56e3afdbeabfc89641a4582/h/t/httpwww.cpplusworld.comuploadsproductmedium1100-cp-uvc-pc10.jpg,CP-UVC-PC10,HD_Cam,default,CP_Plus,http://www.cpplusworld.com/cp-uvc-pc10
1 MP HDCVI IR Dome Camera - 20Mtr.,http://www.cpplusworld.com/pub/media/catalog/product/cache/small_image/240x300/beff4985b56e3afdbeabfc89641a4582/h/t/httpwww.cpplusworld.comuploadsproductmedium1118-cp-uvc-d1000l2a.jpg,CP-UVC-D1000L2A,HD_Cam,default,CP_Plus,http://www.cpplusworld.com/cp-uvc-d1000l2a
1 MP HDCVI IR Dome Camera - 20Mtr.,http://www.cpplusworld.com/pub/media/catalog/product/cache/small_image/240x300/beff4985b56e3afdbeabfc89641a4582/h/t/httpwww.cpplusworld.comuploadsproductmedium1119-cp-uvc-dm1100l2.jpg,CP-UVC-DM1000L2,HD_Cam,default,CP_Plus,http://www.cpplusworld.com/cp-uvc-dm1000l2
1 MP HDCVI IR Dome Camera - 20 Mtr.,http://www.cpplusworld.com/pub/media/catalog/product/cache/small_image/240x300/beff4985b56e3afdbeabfc89641a4582/h/t/httpwww.cpplusworld.comuploadsproductmedium1117-cp-vcq-d10l2.jpg,CP-VCQ-D10L2,HD_Cam,default,CP_Plus,http://www.cpplusworld.com/cp-vcq-d10l2
1 MP HDCVI IR Bullet Camera - 20 Mtr.,http://www.cpplusworld.com/pub/media/catalog/product/cache/small_image/240x300/beff4985b56e3afdbeabfc89641a4582/h/t/httpwww.cpplusworld.comuploadsproductmedium1122-cp-vcq-t10l2.jpg,CP-VCQ-T10L2,HD_Cam,default,CP_Plus,http://www.cpplusworld.com/cp-vcq-t10l2
1 MP HDCVI IR Bullet Camera - 30 Mtr.,http://www.cpplusworld.com/pub/media/catalog/product/cache/small_image/240x300/beff4985b56e3afdbeabfc89641a4582/h/t/httpwww.cpplusworld.comuploadsproductmedium1123-cp-vcq-t10l3.jpg,CP-VCQ-T10L3,HD_Cam,default,CP_Plus,http://www.cpplusworld.com/cp-vcq-t10l3
1 MP HDX IR Dome Camera - 20 Mtr.,http://www.cpplusworld.com/pub/media/catalog/product/cache/small_image/240x300/beff4985b56e3afdbeabfc89641a4582/h/t/httpwww.cpplusworld.comuploadsproductmedium1267-cp-gc-hd10l2-0280.jpg,CP-GC-HD10L2-0280,HD_Cam,default,CP_Plus,http://www.cpplusworld.com/cp-gc-hd10l2-0280
1 MP HD Astra HD IR Dome Camera - 20 Mtr.,http://www.cpplusworld.com/pub/media/catalog/product/cache/small_image/240x300/beff4985b56e3afdbeabfc89641a4582/h/t/httpwww.cpplusworld.comuploadsproductmedium1464p_cp-gtc-d10l2.jpg,CP-GTC-D10L2,HD_Cam,default,CP_Plus,http://www.cpplusworld.com/cp-gtc-d10l2
1 MP HD Astra HD IR Dome Camera - 30 Mtr.,http://www.cpplusworld.com/pub/media/catalog/product/cache/small_image/240x300/beff4985b56e3afdbeabfc89641a4582/h/t/httpwww.cpplusworld.comuploadsproductmedium1467p_cp-gtc-d10l3.jpg,CP-GTC-D10L3,HD_Cam,default,CP_Plus,http://www.cpplusworld.com/cp-gtc-d10l3
1 MP HD Astra HD VF IR Dome Camera - 40 Mtr.,http://www.cpplusworld.com/pub/media/catalog/product/cache/small_image/240x300/beff4985b56e3afdbeabfc89641a4582/h/t/httpwww.cpplusworld.comuploadsproductmedium1468p_cp-gtc-d10fl4.jpg,CP-GTC-D10FL4,HD_Cam,default,CP_Plus,http://www.cpplusworld.com/cp-gtc-d10fl4
1 MP HD Astra HD IR Bullet Camera - 20 Mtr.,http://www.cpplusworld.com/pub/media/catalog/product/cache/small_image/240x300/beff4985b56e3afdbeabfc89641a4582/h/t/httpwww.cpplusworld.comuploadsproductmedium1469p_cp-gtc-t10l2c.jpg,CP-GTC-T10L2C,HD_Cam,default,CP_Plus,http://www.cpplusworld.com/cp-gtc-t10l2c
1 MP HD Dome Camera - 20 Mtr.,http://www.cpplusworld.com/pub/media/catalog/product/cache/small_image/240x300/beff4985b56e3afdbeabfc89641a4582/h/t/httpwww.cpplusworld.comuploadsproductmedium1844p_cp-vac-d10l2.jpg,CP-VAC-D10L2,HD_Cam,default,CP_Plus,http://www.cpplusworld.com/cp-vac-d10l2
1 MP HD IR Bullet Camera - 20 Mtr.,http://www.cpplusworld.com/pub/media/catalog/product/cache/small_image/240x300/beff4985b56e3afdbeabfc89641a4582/h/t/httpwww.cpplusworld.comuploadsproductmedium1845p_cp-vac-t10pl2.jpg,CP-VAC-T10PL2,HD_Cam,default,CP_Plus,http://www.cpplusworld.com/cp-vac-t10pl2
1 MP HD Bullet Camera - 20 Mtr.,http://www.cpplusworld.com/pub/media/catalog/product/cache/small_image/240x300/beff4985b56e3afdbeabfc89641a4582/c/p/cp-vac-t10l2.jpg,CP-VAC-T10L2,HD_Cam,default,CP_Plus,http://www.cpplusworld.com/cp-vac-t10l2
1 MP HD IR Bullet Camera - 30 Mtr.,http://www.cpplusworld.com/pub/media/catalog/product/cache/small_image/240x300/beff4985b56e3afdbeabfc89641a4582/h/t/httpwww.cpplusworld.comuploadsproductmedium1847p_cp-vac-t10l3.jpg,CP-VAC-T10L3,HD_Cam,default,CP_Plus,http://www.cpplusworld.com/cp-vac-t10l3
1.3 MP HDCVI IR Dome Camera - 20 Mtr.,http://www.cpplusworld.com/pub/media/catalog/product/cache/small_image/240x300/beff4985b56e3afdbeabfc89641a4582/h/t/httpwww.cpplusworld.comuploadsproductmedium1235-cp-vcg-d13l2.jpg,CP-VCG-D13L2,HD_Cam,1.3MP,CP_Plus,http://www.cpplusworld.com/cp-vcg-d13l2
1.3MP HDCVI IR Dome Camera - 30 Mtr.,http://www.cpplusworld.com/pub/media/catalog/product/cache/small_image/240x300/beff4985b56e3afdbeabfc89641a4582/h/t/httpwww.cpplusworld.comuploadsproductmedium1236-cp-vcg-d13l3.jpg,CP-VCG-D13L3,HD_Cam,1.3MP,CP_Plus,http://www.cpplusworld.com/cp-vcg-d13l3
1.3 MP HDCVI IR Vandal Dome Camera - 40 Mtr.,http://www.cpplusworld.com/pub/media/catalog/product/cache/small_image/240x300/beff4985b56e3afdbeabfc89641a4582/h/t/httpwww.cpplusworld.comuploadsproductmedium1237-cp-vcg-v13fl4.jpg,CP-VCG-V13FL4,HD_Cam,1.3MP,CP_Plus,http://www.cpplusworld.com/cp-vcg-v13fl4
1 .3MP HDCVI IR Bullet Camera - 20 Mtr.,http://www.cpplusworld.com/pub/media/catalog/product/cache/small_image/240x300/beff4985b56e3afdbeabfc89641a4582/h/t/httpwww.cpplusworld.comuploadsproductmedium1238-cp-vcg-t13l2.jpg,CP-VCG-T13L2,HD_Cam,1.3MP,CP_Plus,http://www.cpplusworld.com/cp-vcg-t13l2
1.3 MP HD Astra HD IR Dome Camera - 20 Mtr.,http://www.cpplusworld.com/pub/media/catalog/product/cache/small_image/240x300/beff4985b56e3afdbeabfc89641a4582/h/t/httpwww.cpplusworld.comuploadsproductmedium1513p_cp-gtc-d13l2.jpg,CP-GTC-D13L2,HD_Cam,1.3MP,CP_Plus,http://www.cpplusworld.com/cp-gtc-d13l2
1.3 MP HD Astra HD IR Bullet Camera - 20 Mtr.,http://www.cpplusworld.com/pub/media/catalog/product/cache/small_image/240x300/beff4985b56e3afdbeabfc89641a4582/h/t/httpwww.cpplusworld.comuploadsproductmedium1514p_cp-gtc-t13l2c.jpg,CP-GTC-T13L2C,HD_Cam,1.3MP,CP_Plus,http://www.cpplusworld.com/cp-gtc-t13l2c
1.3 MP HD Astra HD IR Bullet Camera - 20 Mtr.,http://www.cpplusworld.com/pub/media/catalog/product/cache/small_image/240x300/beff4985b56e3afdbeabfc89641a4582/h/t/httpwww.cpplusworld.comuploadsproductmedium1515p_cp-gtc-t13l2.jpg,CP-GTC-T13L2,HD_Cam,1.3MP,CP_Plus,http://www.cpplusworld.com/cp-gtc-t13l2
1.3 MP HD Astra HD IR Bullet Camera - 30 Mtr.,http://www.cpplusworld.com/pub/media/catalog/product/cache/small_image/240x300/beff4985b56e3afdbeabfc89641a4582/h/t/httpwww.cpplusworld.comuploadsproductmedium1516p_cp-gtc-t13l3.jpg,CP-GTC-T13L3,HD_Cam,1.3MP,CP_Plus,http://www.cpplusworld.com/cp-gtc-t13l3
1.3 MP HD IR Dome Camera - 20 Mtr.,http://www.cpplusworld.com/pub/media/catalog/product/cache/small_image/240x300/beff4985b56e3afdbeabfc89641a4582/h/t/httpwww.cpplusworld.comuploadsproductmedium1848p_cp-vac-d13l2.jpg,CP-VAC-D13L2,HD_Cam,1.3MP,CP_Plus,http://www.cpplusworld.com/cp-vac-d13l2
1.3 MP HD IR Dome Camera - 30 Mtr.,http://www.cpplusworld.com/pub/media/catalog/product/cache/small_image/240x300/beff4985b56e3afdbeabfc89641a4582/h/t/httpwww.cpplusworld.comuploadsproductmedium1849p_cp-vac-d13l3.jpg,CP-VAC-D13L3,HD_Cam,1.3MP,CP_Plus,http://www.cpplusworld.com/cp-vac-d13l3
1.3 MP HD VF IR Vandal Dome Camera - 40 Mtr.,http://www.cpplusworld.com/pub/media/catalog/product/cache/small_image/240x300/beff4985b56e3afdbeabfc89641a4582/c/p/cp-vac-v13fl4.jpg,CP-VAC-V13FL4,HD_Cam,1.3MP,CP_Plus,http://www.cpplusworld.com/cp-vac-v13fl4
1.3 MP HD IR Bullet Camera - 20 Mtr.,http://www.cpplusworld.com/pub/media/catalog/product/cache/small_image/240x300/beff4985b56e3afdbeabfc89641a4582/h/t/httpwww.cpplusworld.comuploadsproductmedium1851p_cp-vac-t13pl2.jpg,CP-VAC-T13PL2,HD_Cam,1.3MP,CP_Plus,http://www.cpplusworld.com/cp-vac-t13pl2
1.4 MP HDCVI IR Bullet Camera - 60Mtr.,http://www.cpplusworld.com/pub/media/catalog/product/cache/small_image/240x300/beff4985b56e3afdbeabfc89641a4582/h/t/httpwww.cpplusworld.comuploadsproductmedium1140-cp-uvc-tb10fl6.jpg,CP-UVC-TB10FL6,HD_Cam,1.4MP,CP_Plus,http://www.cpplusworld.com/cp-uvc-tb10fl6
2 MP HDCVI IR Dome Camera - 20 Mtr.,http://www.cpplusworld.com/pub/media/catalog/product/cache/small_image/240x300/beff4985b56e3afdbeabfc89641a4582/h/t/httpwww.cpplusworld.comuploadsproductmedium1141-cp-vc-d20l2.jpg,CP-VC-D20L2,HD_Cam,2MP,CP_Plus,http://www.cpplusworld.com/cp-vc-d20l2
2 MP HDCVI IR Dome Camera - 30Mtr.,http://www.cpplusworld.com/pub/media/catalog/product/cache/small_image/240x300/beff4985b56e3afdbeabfc89641a4582/h/t/httpwww.cpplusworld.comuploadsproductmedium1142-cp-uvc-d1200l2.jpg,CP-UVC-D1200L2,HD_Cam,2MP,CP_Plus,http://www.cpplusworld.com/cp-uvc-d1200l2
2 MP HDCVI IR VF Dome Camera - 40 Mtr.,http://www.cpplusworld.com/pub/media/catalog/product/cache/small_image/240x300/beff4985b56e3afdbeabfc89641a4582/h/t/httpwww.cpplusworld.comuploadsproductmedium1143-cp-vc-d20fl4.jpg,CP-VC-D20FL4,HD_Cam,2MP,CP_Plus,http://www.cpplusworld.com/cp-vc-d20fl4
2 MP HDCVI IR Dome Camera - 20Mtr.,http://www.cpplusworld.com/pub/media/catalog/product/cache/small_image/240x300/beff4985b56e3afdbeabfc89641a4582/h/t/httpwww.cpplusworld.comuploadsproductmedium1144-cp-uvc-da20l2.jpg,CP-UVC-DA20L2,HD_Cam,2MP,CP_Plus,http://www.cpplusworld.com/cp-uvc-da20l2
2 MP HDCVI IR Bullet Camera - 20 Mtr.,http://www.cpplusworld.com/pub/media/catalog/product/cache/small_image/240x300/beff4985b56e3afdbeabfc89641a4582/h/t/httpwww.cpplusworld.comuploadsproductmedium1147-cp-vcq-t20l2.jpg,CP-VCQ-T20L2,HD_Cam,2MP,CP_Plus,http://www.cpplusworld.com/cp-vcq-t20l2
2 MP HDCVI IR Bullet Camera - 30 Mtr.,http://www.cpplusworld.com/pub/media/catalog/product/cache/small_image/240x300/beff4985b56e3afdbeabfc89641a4582/h/t/httpwww.cpplusworld.comuploadsproductmedium1148-cp-vcq-t20l3.jpg,CP-VCQ-T20L3,HD_Cam,2MP,CP_Plus,http://www.cpplusworld.com/cp-vcq-t20l3
2 MP HDX IR Dome Camera - 20 Mtr.,http://www.cpplusworld.com/pub/media/catalog/product/cache/small_image/240x300/beff4985b56e3afdbeabfc89641a4582/h/t/httpwww.cpplusworld.comuploadsproductmedium1278-cp-gc-hd20l2.jpg,CP-GC-HD20L2,HD_Cam,2MP,CP_Plus,http://www.cpplusworld.com/cp-gc-hd20l2
2 MP HDX IR VF Dome Camera - 40 Mtr.,http://www.cpplusworld.com/pub/media/catalog/product/cache/small_image/240x300/beff4985b56e3afdbeabfc89641a4582/h/t/httpwww.cpplusworld.comuploadsproductmedium1279-cp-gc-hd20fl4.jpg,CP-GC-HD20FL4,HD_Cam,2MP,CP_Plus,http://www.cpplusworld.com/cp-gc-hd20fl4
2 MP Astra HD IR Dome Camera - 20 Mtr.,http://www.cpplusworld.com/pub/media/catalog/product/cache/small_image/240x300/beff4985b56e3afdbeabfc89641a4582/h/t/httpwww.cpplusworld.comuploadsproductmedium1500p_cp-gtc-d20l2.jpg,CP-GTC-D20L2,HD_Cam,2MP,CP_Plus,http://www.cpplusworld.com/cp-gtc-d20l2
2 MP Full HD Astra HD IR Bullet Camera - 20 Mtr.,http://www.cpplusworld.com/pub/media/catalog/product/cache/small_image/240x300/beff4985b56e3afdbeabfc89641a4582/h/t/httpwww.cpplusworld.comuploadsproductmedium1501p_cp-gtc-t20l2c.jpg,CP-GTC-T20L2C,HD_Cam,2MP,CP_Plus,http://www.cpplusworld.com/cp-gtc-t20l2c
2 MP Astra HD IR Bullet Camera - 20 Mtr.,http://www.cpplusworld.com/pub/media/catalog/product/cache/small_image/240x300/beff4985b56e3afdbeabfc89641a4582/h/t/httpwww.cpplusworld.comuploadsproductmedium1502p_cp-gtc-t20l2.jpg,CP-GTC-T20L2,HD_Cam,2MP,CP_Plus,http://www.cpplusworld.com/cp-gtc-t20l2
2 MP Astra HD IR Bullet Camera - 30 Mtr.,http://www.cpplusworld.com/pub/media/catalog/product/cache/small_image/240x300/beff4985b56e3afdbeabfc89641a4582/h/t/httpwww.cpplusworld.comuploadsproductmedium1503p_cp-gtc-t20l3.jpg,CP-GTC-T20L3,HD_Cam,2MP,CP_Plus,http://www.cpplusworld.com/cp-gtc-t20l3
2 MP Full HD IR Dome Camera - 20 Mtr.,http://www.cpplusworld.com/pub/media/catalog/product/cache/small_image/240x300/beff4985b56e3afdbeabfc89641a4582/h/t/httpwww.cpplusworld.comuploadsproductmedium1857p_cp-vac-d20l2.jpg,CP-VAC-D20L2,HD_Cam,2MP,CP_Plus,http://www.cpplusworld.com/cp-vac-d20l2
2 MP Full HD IR Bullet Camera - 20 Mtr.,http://www.cpplusworld.com/pub/media/catalog/product/cache/small_image/240x300/beff4985b56e3afdbeabfc89641a4582/h/t/httpwww.cpplusworld.comuploadsproductmedium1858p_cp-vac-t20pl2.jpg,CP-VAC-T20PL2,HD_Cam,2MP,CP_Plus,http://www.cpplusworld.com/cp-vac-t20pl2
2 MP Full HD IR Bullet Camera - 20 Mtr.,http://www.cpplusworld.com/pub/media/catalog/product/cache/small_image/240x300/beff4985b56e3afdbeabfc89641a4582/c/p/cp-vac-t20l2.jpg,CP-VAC-T20L2,HD_Cam,2MP,CP_Plus,http://www.cpplusworld.com/cp-vac-t20l2
2 MP Full HD IR Bullet Camera - 30 Mtr.,http://www.cpplusworld.com/pub/media/catalog/product/cache/small_image/240x300/beff4985b56e3afdbeabfc89641a4582/h/t/httpwww.cpplusworld.comuploadsproductmedium1860p_cp-vac-t20l3.jpg,CP-VAC-T20L3,HD_Cam,2MP,CP_Plus,http://www.cpplusworld.com/cp-vac-t20l3
2.4 MP HDCVI VF IR Vandal Dome Camera - 30Mtr.,http://www.cpplusworld.com/pub/media/catalog/product/cache/small_image/240x300/beff4985b56e3afdbeabfc89641a4582/h/t/httpwww.cpplusworld.comuploadsproductmedium1099-cp-uvc-d3200l3.jpg,CP-UVC-D3200L3,HD_Cam,2.4MP,CP_Plus,http://www.cpplusworld.com/cp-uvc-d3200l3
2.4 MP HDCVI VF IR Bullet Camera - 30Mtr.,http://www.cpplusworld.com/pub/media/catalog/product/cache/small_image/240x300/beff4985b56e3afdbeabfc89641a4582/h/t/httpwww.cpplusworld.comuploadsproductmedium1101-cp-uvc-t3200l3.jpg,CP-UVC-T3200L3,HD_Cam,2.4MP,CP_Plus,http://www.cpplusworld.com/cp-uvc-t3200l3
2.4 MP HDCVI VF IR Bullet Camera - 60Mtr.,http://www.cpplusworld.com/pub/media/catalog/product/cache/small_image/240x300/beff4985b56e3afdbeabfc89641a4582/h/t/httpwww.cpplusworld.comuploadsproductmedium1102-cp-uvc-tb20fl6.jpg,CP-UVC-TB20FL6,HD_Cam,2.4MP,CP_Plus,http://www.cpplusworld.com/cp-uvc-tb20fl6
2.4 MP HDCVI VF IR Vandal Dome Camera - 50Mtr.,http://www.cpplusworld.com/pub/media/catalog/product/cache/small_image/240x300/beff4985b56e3afdbeabfc89641a4582/h/t/httpwww.cpplusworld.comuploadsproductmedium1104-cp-uvc-vc20fl5-a.jpg,CP-UVC-VC20FL5-A,HD_Cam,2.4MP,CP_Plus,http://www.cpplusworld.com/cp-uvc-vc20fl5-a
2.4 MP Astra HD IR Dome Camera - 20 Mtr.,http://www.cpplusworld.com/pub/media/catalog/product/cache/small_image/240x300/beff4985b56e3afdbeabfc89641a4582/h/t/httpwww.cpplusworld.comuploadsproductmedium1504p_cp-gtc-d24l2.jpg,CP-GTC-D24L2,HD_Cam,2.4MP,CP_Plus,http://www.cpplusworld.com/cp-gtc-d24l2
2.4 MP Astra HD IR Dome Camera - 30 Mtr.,http://www.cpplusworld.com/pub/media/catalog/product/cache/small_image/240x300/beff4985b56e3afdbeabfc89641a4582/h/t/httpwww.cpplusworld.comuploadsproductmedium1505p_cp-gtc-d24l3.jpg,CP-GTC-D24L3,HD_Cam,2.4MP,CP_Plus,http://www.cpplusworld.com/cp-gtc-d24l3
2.4 MP Astra HD VF IR Dome Camera - 40 Mtr.,http://www.cpplusworld.com/pub/media/catalog/product/cache/small_image/240x300/beff4985b56e3afdbeabfc89641a4582/h/t/httpwww.cpplusworld.comuploadsproductmedium1506p_cp-gtc-d24fl4.jpg,CP-GTC-D24FL4,HD_Cam,2.4MP,CP_Plus,http://www.cpplusworld.com/cp-gtc-d24fl4
2.4 MP Astra HD IR Bullet Camera - 20 Mtr.,http://www.cpplusworld.com/pub/media/catalog/product/cache/small_image/240x300/beff4985b56e3afdbeabfc89641a4582/h/t/httpwww.cpplusworld.comuploadsproductmedium1507p_cp-gtc-t24l2c.jpg,CP-GTC-T24L2C,HD_Cam,2.4MP,CP_Plus,http://www.cpplusworld.com/cp-gtc-t24l2c
2.4 MP Full HD IR Dome Camera - 20 Mtr.,http://www.cpplusworld.com/pub/media/catalog/product/cache/small_image/240x300/beff4985b56e3afdbeabfc89641a4582/h/t/httpwww.cpplusworld.comuploadsproductmedium1861p_cp-vac-d24l2.jpg,CP-VAC-D24L2,HD_Cam,2.4MP,CP_Plus,http://www.cpplusworld.com/cp-vac-d24l2
2.4 MP Full HD IR Dome Camera - 30 Mtr.,http://www.cpplusworld.com/pub/media/catalog/product/cache/small_image/240x300/beff4985b56e3afdbeabfc89641a4582/h/t/httpwww.cpplusworld.comuploadsproductmedium1862p_cp-vac-d24l3.jpg,CP-VAC-D24L3,HD_Cam,2.4MP,CP_Plus,http://www.cpplusworld.com/cp-vac-d24l3
2.4 MP Full HD VF IR Vandal Dome Camera - 40 Mtr.,http://www.cpplusworld.com/pub/media/catalog/product/cache/small_image/240x300/beff4985b56e3afdbeabfc89641a4582/c/p/cp-vac-v24fl4.jpg,CP-VAC-V24FL4,HD_Cam,2.4MP,CP_Plus,http://www.cpplusworld.com/cp-vac-v24fl4
2.4 MP Full HD IR Bullet Camera - 20 Mtr.,http://www.cpplusworld.com/pub/media/catalog/product/cache/small_image/240x300/beff4985b56e3afdbeabfc89641a4582/h/t/httpwww.cpplusworld.comuploadsproductmedium1864p_cp-vac-t24pl2.jpg,CP-VAC-T24PL2,HD_Cam,2.4MP,CP_Plus,http://www.cpplusworld.com/cp-vac-t24pl2
4 MP IR HDCVI Dome Camera - 20 Mtr.,http://www.cpplusworld.com/pub/media/catalog/product/cache/small_image/240x300/beff4985b56e3afdbeabfc89641a4582/h/t/httpwww.cpplusworld.comuploadsproductmedium1831p_cp-uvc-da40l2.jpg,CP-UVC-DA40L2,HD_Cam,4MP,CP_Plus,http://www.cpplusworld.com/cp-uvc-da40l2
4 MP IR HDCVI Vandal Dome Camera - 30 Mtr.,http://www.cpplusworld.com/pub/media/catalog/product/cache/small_image/240x300/beff4985b56e3afdbeabfc89641a4582/h/t/httpwww.cpplusworld.comuploadsproductmedium1832p_cp-uvc-va40fl3.jpg,CP-UVC-VA40FL3,HD_Cam,4MP,CP_Plus,http://www.cpplusworld.com/cp-uvc-va40fl3
4 MP IR HDCVI Bullet Camera - 20 Mtr.,http://www.cpplusworld.com/pub/media/catalog/product/cache/small_image/240x300/beff4985b56e3afdbeabfc89641a4582/h/t/httpwww.cpplusworld.comuploadsproductmedium1833p_cp-uvc-ta40l2.jpg,CP-UVC-TA40L2,HD_Cam,4MP,CP_Plus,http://www.cpplusworld.com/cp-uvc-ta40l2
4 MP IR HDCVI Bullet Camera - 20 Mtr.,http://www.cpplusworld.com/pub/media/catalog/product/cache/small_image/240x300/beff4985b56e3afdbeabfc89641a4582/h/t/httpwww.cpplusworld.comuploadsproductmedium1834p_cp-uvc-ta40l2m.jpg,CP-UVC-TA40L2M,HD_Cam,4MP,CP_Plus,http://www.cpplusworld.com/cp-uvc-ta40l2m
4K WDR HDCVI IR Bullet Camera - 100Mtr.,http://www.cpplusworld.com/pub/media/catalog/product/cache/small_image/240x300/beff4985b56e3afdbeabfc89641a4582/c/p/cp-uvc-tc4k08zl10-vmd.jpg,CP-UVC-TC4K08ZL10-VMD,HD_Cam,4K,CP_Plus,http://www.cpplusworld.com/cp-uvc-tc4k08zl10-vmd
2MP HDCVI IR MotionEye Bullet Camera - 20 Mtr.,http://www.cpplusworld.com/pub/media/catalog/product/cache/small_image/240x300/beff4985b56e3afdbeabfc89641a4582/c/p/cp-uvc-ta20l2-m.jpg,CP-UVC-TA20L2-M,HD_Cam,IOT,CP_Plus,http://www.cpplusworld.com/cp-uvc-ta20l2-m
1 MP HD IR IP Cube Camera,http://www.cpplusworld.com/pub/media/catalog/product/cache/small_image/240x300/beff4985b56e3afdbeabfc89641a4582/h/t/httpwww.cpplusworld.comuploadsproductmedium780p_cp-unc-cs10l1.jpg,CP-UNC-CS10L1,IP_Cam,default,CP_Plus,http://www.cpplusworld.com/cp-unc-cs10l1
1 MP HD IR IP Cube Camera with Wi-Fi,http://www.cpplusworld.com/pub/media/catalog/product/cache/small_image/240x300/beff4985b56e3afdbeabfc89641a4582/h/t/httpwww.cpplusworld.comuploadsproductmedium781p_cp-unc-cs10l1w.jpg,CP-UNC-CS10L1W,IP_Cam,default,CP_Plus,http://www.cpplusworld.com/cp-unc-cs10l1w
1 MP HD Array Dome Camera - 30Mtr.,http://www.cpplusworld.com/pub/media/catalog/product/cache/small_image/240x300/beff4985b56e3afdbeabfc89641a4582/h/t/httpwww.cpplusworld.comuploadsproductmedium1178-cp-unc-da10r3.jpg,CP-UNC-DA10R3,IP_Cam,default,CP_Plus,http://www.cpplusworld.com/cp-unc-da10r3
1 MP HD Array Bullet Camera - 30Mtr.,http://www.cpplusworld.com/pub/media/catalog/product/cache/small_image/240x300/beff4985b56e3afdbeabfc89641a4582/h/t/httpwww.cpplusworld.comuploadsproductmedium1179-cp-unc-ta10r3.jpg,CP-UNC-TA10R3,IP_Cam,default,CP_Plus,http://www.cpplusworld.com/cp-unc-ta10r3
1.3 MP HD IR Dome Camera - 30Mtr.,http://www.cpplusworld.com/pub/media/catalog/product/cache/small_image/240x300/beff4985b56e3afdbeabfc89641a4582/h/t/httpwww.cpplusworld.comuploadsproductmedium1063-cp-unc-da13l3.jpg,CP-UNC-DA13L3,IP_Cam,1.3MP,CP_Plus,http://www.cpplusworld.com/cp-unc-da13l3
1.3 MP HD IR Dome Camera - 30Mtr.,http://www.cpplusworld.com/pub/media/catalog/product/cache/small_image/240x300/beff4985b56e3afdbeabfc89641a4582/h/t/httpwww.cpplusworld.comuploadsproductmedium1066-cp-unc-dd13l3.jpg,CP-UNC-DD13L3,IP_Cam,1.3MP,CP_Plus,http://www.cpplusworld.com/cp-unc-dd13l3
1.3 MP HD IR Bullet Camera - 30Mtr.,http://www.cpplusworld.com/pub/media/catalog/product/cache/small_image/240x300/beff4985b56e3afdbeabfc89641a4582/h/t/httpwww.cpplusworld.comuploadsproductmedium1072-cp-unc-tb13fl3.jpg,CP-UNC-TB13FL3,IP_Cam,1.3MP,CP_Plus,http://www.cpplusworld.com/cp-unc-tb13fl3
1.3 MP HD WDR IR Bullet Camera - 30Mtr.,http://www.cpplusworld.com/pub/media/catalog/product/cache/small_image/240x300/beff4985b56e3afdbeabfc89641a4582/h/t/httpwww.cpplusworld.comuploadsproductmedium1073-cp-unc-tb13fl3-md.jpg,CP-UNC-TB13FL3-MD,IP_Cam,1.3MP,CP_Plus,http://www.cpplusworld.com/cp-unc-tb13fl3-md
1.3 MP HD IR Dome Camera - 30Mtr.,http://www.cpplusworld.com/pub/media/catalog/product/cache/small_image/240x300/beff4985b56e3afdbeabfc89641a4582/h/t/httpwww.cpplusworld.comuploadsproductmedium1803p_cp-enc-d13l3.jpg,CP-ENC-D13L3,IP_Cam,1.3MP,CP_Plus,http://www.cpplusworld.com/cp-enc-d13l3
1.3 MP Full HD IR Bullet Camera - 30Mtr.,http://www.cpplusworld.com/pub/media/catalog/product/cache/small_image/240x300/beff4985b56e3afdbeabfc89641a4582/h/t/httpwww.cpplusworld.comuploadsproductmedium1804p_cp-enc-t13l3.jpg,CP-ENC-T13L3,IP_Cam,1.3MP,CP_Plus,http://www.cpplusworld.com/cp-enc-t13l3
1.3 MP Full HD IR Bullet Camera - 30Mtr.,http://www.cpplusworld.com/pub/media/catalog/product/cache/small_image/240x300/beff4985b56e3afdbeabfc89641a4582/h/t/httpwww.cpplusworld.comuploadsproductmedium1805p_cp-enc-t13l3-vm.jpg,CP-ENC-T13L3-VM,IP_Cam,1.3MP,CP_Plus,http://www.cpplusworld.com/cp-enc-t13l3-vm
1.3 MP HD VF IR Vandal Dome Camera - 40Mtr.,http://www.cpplusworld.com/pub/media/catalog/product/cache/small_image/240x300/beff4985b56e3afdbeabfc89641a4582/c/p/cp-enc-v13fl4-vm.jpg,CP-ENC-V13FL4-VM,IP_Cam,1.3MP,CP_Plus,http://www.cpplusworld.com/cp-enc-v13fl4-vm
2 MP Full HD IP Box Camera,http://www.cpplusworld.com/pub/media/catalog/product/cache/small_image/240x300/beff4985b56e3afdbeabfc89641a4582/h/t/httpwww.cpplusworld.comuploadsproductmedium1061-cp-unc-be20-m.jpg,CP-UNC-BE20-M,IP_Cam,2MP,CP_Plus,http://www.cpplusworld.com/cp-unc-be20-m
2 MP HD IR IP Cube Camera - 10 Mtr.,http://www.cpplusworld.com/pub/media/catalog/product/cache/small_image/240x300/beff4985b56e3afdbeabfc89641a4582/h/t/httpwww.cpplusworld.comuploadsproductmedium1062-cp-unc-cb20l1.jpg,CP-UNC-CB20L1,IP_Cam,2MP,CP_Plus,http://www.cpplusworld.com/cp-unc-cb20l1
2 MP Full HD IR Dome Camera - 30Mtr.,http://www.cpplusworld.com/pub/media/catalog/product/cache/small_image/240x300/beff4985b56e3afdbeabfc89641a4582/h/t/httpwww.cpplusworld.comuploadsproductmedium1064-cp-unc-da21l3.jpg,CP-UNC-DA21L3,IP_Cam,2MP,CP_Plus,http://www.cpplusworld.com/cp-unc-da21l3
2 MP Full HD IR Dome Camera - 30Mtr.,http://www.cpplusworld.com/pub/media/catalog/product/cache/small_image/240x300/beff4985b56e3afdbeabfc89641a4582/h/t/httpwww.cpplusworld.comuploadsproductmedium1067-cp-unc-dd20l3.jpg,CP-UNC-DD20L3,IP_Cam,2MP,CP_Plus,http://www.cpplusworld.com/cp-unc-dd20l3
2 MP Full HD Array Dome Camera - 30Mtr.,http://www.cpplusworld.com/pub/media/catalog/product/cache/small_image/240x300/beff4985b56e3afdbeabfc89641a4582/h/t/httpwww.cpplusworld.comuploadsproductmedium1904p_cp-vnc-d21r3.jpg,CP-VNC-D21R3,IP_Cam,2MP,CP_Plus,http://www.cpplusworld.com/cp-vnc-d21r3
2 MP Full HD IR Vandal Dome Camera - 30Mtr.,http://www.cpplusworld.com/pub/media/catalog/product/cache/small_image/240x300/beff4985b56e3afdbeabfc89641a4582/h/t/httpwww.cpplusworld.comuploadsproductmedium1905p_cp-vnc-v21l3.jpg,CP-VNC-V21L3,IP_Cam,2MP,CP_Plus,http://www.cpplusworld.com/cp-vnc-v21l3
2 MP WDR VF Array Vandal Dome Camera - 30Mtr.,http://www.cpplusworld.com/pub/media/catalog/product/cache/small_image/240x300/beff4985b56e3afdbeabfc89641a4582/h/t/httpwww.cpplusworld.comuploadsproductmedium1906p_cp-vnc-v21fr3-vmd.jpg,CP-VNC-V21FR3-VMD,IP_Cam,2MP,CP_Plus,http://www.cpplusworld.com/cp-vnc-v21fr3-vmd
2 MP Full HD WDR Array Vandal Dome Camera - 30 Mtr.,http://www.cpplusworld.com/pub/media/catalog/product/cache/small_image/240x300/beff4985b56e3afdbeabfc89641a4582/h/t/httpwww.cpplusworld.comuploadsproductmedium1907p_cp-vnc-v21zr3-vmd.jpg,CP-VNC-V21ZR3-VMD,IP_Cam,2MP,CP_Plus,http://www.cpplusworld.com/cp-vnc-v21zr3-vmd
2 MP Full HD Network IR Dome Camera - 30Mtr.,http://www.cpplusworld.com/pub/media/catalog/product/cache/small_image/240x300/beff4985b56e3afdbeabfc89641a4582/c/p/cp-enc-d21l3.jpg,CP-ENC-D21L3,IP_Cam,2MP,CP_Plus,http://www.cpplusworld.com/cp-enc-d21l3
2MP Full HD IR Vandal Dome Camera - 30Mtr.,http://www.cpplusworld.com/pub/media/catalog/product/cache/small_image/240x300/beff4985b56e3afdbeabfc89641a4582/h/t/httpwww.cpplusworld.comuploadsproductmedium1967p_cp-enc-v21l3.jpg,CP-ENC-V21L3,IP_Cam,2MP,CP_Plus,http://www.cpplusworld.com/cp-enc-v21l3
2 MP Full HD IR Bullet Camera - 30Mtr.,http://www.cpplusworld.com/pub/media/catalog/product/cache/small_image/240x300/beff4985b56e3afdbeabfc89641a4582/h/t/httpwww.cpplusworld.comuploadsproductmedium1968p_cp-enc-t21l3.jpg,CP-ENC-T21L3,IP_Cam,2MP,CP_Plus,http://www.cpplusworld.com/cp-enc-t21l3
2 MP Full HD Network IR Bullet Camera - 30Mtr.,http://www.cpplusworld.com/pub/media/catalog/product/cache/small_image/240x300/beff4985b56e3afdbeabfc89641a4582/h/t/httpwww.cpplusworld.comuploadsproductmedium1969p_cp-enc-t21l3-vm.jpg,CP-ENC-T21L3-VM,IP_Cam,2MP,CP_Plus,http://www.cpplusworld.com/cp-enc-t21l3-vm
3 MP Full HD IR Dome Camera - 30Mtr.,http://www.cpplusworld.com/pub/media/catalog/product/cache/small_image/240x300/beff4985b56e3afdbeabfc89641a4582/h/t/httpwww.cpplusworld.comuploadsproductmedium1065-cp-unc-da31l3.jpg,CP-UNC-DA31L3,IP_Cam,3MP,CP_Plus,http://www.cpplusworld.com/cp-unc-da31l3
3 MP Full HD IR Bullet Camera - 30Mtr.,http://www.cpplusworld.com/pub/media/catalog/product/cache/small_image/240x300/beff4985b56e3afdbeabfc89641a4582/h/t/httpwww.cpplusworld.comuploadsproductmedium1071-cp-unc-ta31l3.jpg,CP-UNC-TA31L3,IP_Cam,3MP,CP_Plus,http://www.cpplusworld.com/cp-unc-ta31l3
3 MP Full HD IR Bullet Camera - 30Mtr.,http://www.cpplusworld.com/pub/media/catalog/product/cache/small_image/240x300/beff4985b56e3afdbeabfc89641a4582/h/t/httpwww.cpplusworld.comuploadsproductmedium1075p_cp-unc-tb30fl3.jpg,CP-UNC-TB30FL3,IP_Cam,3MP,CP_Plus,http://www.cpplusworld.com/cp-unc-tb30fl3
3 MP Full HD IR Bullet Camera - 30Mtr.,http://www.cpplusworld.com/pub/media/catalog/product/cache/small_image/240x300/beff4985b56e3afdbeabfc89641a4582/h/t/httpwww.cpplusworld.comuploadsproductmedium1076p_cp-unc-tb30zl3.jpg,CP-UNC-TB30ZL3,IP_Cam,3MP,CP_Plus,http://www.cpplusworld.com/cp-unc-tb30zl3
4 MP Full HD WDR IR Dome Camera - 30Mtr.,http://www.cpplusworld.com/pub/media/catalog/product/cache/small_image/240x300/beff4985b56e3afdbeabfc89641a4582/h/t/httpwww.cpplusworld.comuploadsproductmedium1068-cp-unc-dd40l3-d.jpg,CP-UNC-DD40L3-D,IP_Cam,4MP,CP_Plus,http://www.cpplusworld.com/cp-unc-dd40l3-d
4 MP Full HD Network Fish eye camera,http://www.cpplusworld.com/pub/media/catalog/product/cache/small_image/240x300/beff4985b56e3afdbeabfc89641a4582/h/t/httpwww.cpplusworld.comuploadsproductmedium1069-cp-unc-ee40-m.jpg,CP-UNC-EE40-M,IP_Cam,4MP,CP_Plus,http://www.cpplusworld.com/cp-unc-ee40-m
4 MP Full HD WDR IR Bullet Camera - 40Mtr.,http://www.cpplusworld.com/pub/media/catalog/product/cache/small_image/240x300/beff4985b56e3afdbeabfc89641a4582/h/t/httpwww.cpplusworld.comuploadsproductmedium1079-cp-unc-td40l4-d.jpg,CP-UNC-TD40L4-D,IP_Cam,4MP,CP_Plus,http://www.cpplusworld.com/cp-unc-td40l4-d
4 MP Full HD WDR IR Vandal Dome Camera - 30Mtr.,http://www.cpplusworld.com/pub/media/catalog/product/cache/small_image/240x300/beff4985b56e3afdbeabfc89641a4582/h/t/httpwww.cpplusworld.comuploadsproductmedium1092-cp-unc-vd40l3-md.jpg,CP-UNC-VD40L3-MD,IP_Cam,4MP,CP_Plus,http://www.cpplusworld.com/cp-unc-vd40l3-md
4 MP Full HD IP WDR IR Bullet Camera - 30 Mtr.,http://www.cpplusworld.com/pub/media/catalog/product/cache/small_image/240x300/beff4985b56e3afdbeabfc89641a4582/h/t/httpwww.cpplusworld.comuploadsproductmedium1806p_cp-enc-t41l3-d.jpg,CP-ENC-T41L3-D,IP_Cam,4MP,CP_Plus,http://www.cpplusworld.com/cp-enc-t41l3-d
4 MP Full HD IP WDR IR Bullet Camera - 30 Mtr.,http://www.cpplusworld.com/pub/media/catalog/product/cache/small_image/240x300/beff4985b56e3afdbeabfc89641a4582/h/t/httpwww.cpplusworld.comuploadsproductmedium1807p_cp-enc-t41l3-vmd.jpg,CP-ENC-T41L3-VMD,IP_Cam,4MP,CP_Plus,http://www.cpplusworld.com/cp-enc-t41l3-vmd
4MP Full HD IR WDR Vandal Dome Camera - 30Mtr.,http://www.cpplusworld.com/pub/media/catalog/product/cache/small_image/240x300/beff4985b56e3afdbeabfc89641a4582/h/t/httpwww.cpplusworld.comuploadsproductmedium1809p_cp-enc-v41l3-d.jpg,CP-ENC-V41L3-D,IP_Cam,4MP,CP_Plus,http://www.cpplusworld.com/cp-enc-v41l3-d
4MP Full HD IP WDR IR Vandal Dome Camera - 40Mtr.,http://www.cpplusworld.com/pub/media/catalog/product/cache/small_image/240x300/beff4985b56e3afdbeabfc89641a4582/h/t/httpwww.cpplusworld.comuploadsproductmedium1810p_cp-enc-v41zl4-vmd.jpg,CP-ENC-V41ZL4-VMD,IP_Cam,4MP,CP_Plus,http://www.cpplusworld.com/cp-enc-v41zl4-vmd
4 MP WDR IR Vandal Dome Camera - 30Mtr.,http://www.cpplusworld.com/pub/media/catalog/product/cache/small_image/240x300/beff4985b56e3afdbeabfc89641a4582/h/t/httpwww.cpplusworld.comuploadsproductmedium1917p_cp-vnc-v41l3-vmd.jpg,CP-VNC-V41L3-VMD,IP_Cam,4MP,CP_Plus,http://www.cpplusworld.com/cp-vnc-v41l3-vmd
4 MP WDR IR Vandal Dome Camera - 15Mtr.,http://www.cpplusworld.com/pub/media/catalog/product/cache/small_image/240x300/beff4985b56e3afdbeabfc89641a4582/h/t/httpwww.cpplusworld.comuploadsproductmedium1918p_cp-vnc-v41l1c-vmd.jpg,CP-VNC-V41L1C-VMD,IP_Cam,4MP,CP_Plus,http://www.cpplusworld.com/cp-vnc-v41l1c-vmd
4 MP WDR Array Vandal Dome Camera - 30Mtr.,http://www.cpplusworld.com/pub/media/catalog/product/cache/small_image/240x300/beff4985b56e3afdbeabfc89641a4582/h/t/httpwww.cpplusworld.comuploadsproductmedium1919p_cp-vnc-v41zr3-vmd.jpg,CP-VNC-V41ZR3-VMD,IP_Cam,4MP,CP_Plus,http://www.cpplusworld.com/cp-vnc-v41zr3-vmd
4 MP WDR IR Array Bullet Camera - 30Mtr.,http://www.cpplusworld.com/pub/media/catalog/product/cache/small_image/240x300/beff4985b56e3afdbeabfc89641a4582/h/t/httpwww.cpplusworld.comuploadsproductmedium1920p_cp-vnc-t41r3m-d.jpg,CP-VNC-T41R3M-D,IP_Cam,4MP,CP_Plus,http://www.cpplusworld.com/cp-vnc-t41r3m-d
5MP WDR Box Camera,http://www.cpplusworld.com/pub/media/catalog/product/cache/small_image/240x300/beff4985b56e3afdbeabfc89641a4582/h/t/httpwww.cpplusworld.comuploadsproductmedium1617p_cp-unc-be50-md.jpg,CP-UNC-BE50-MD,IP_Cam,5MP,CP_Plus,http://www.cpplusworld.com/cp-unc-be50-md
6 MP Full HD IP IR Fish Eye Camera,http://www.cpplusworld.com/pub/media/catalog/product/cache/small_image/240x300/beff4985b56e3afdbeabfc89641a4582/h/t/httpwww.cpplusworld.comuploadsproductmedium1203p_cp-unc-eh60-m.jpg,CP-UNC-EH60-M,IP_Cam,6MP,CP_Plus,http://www.cpplusworld.com/cp-unc-eh60-m
4K Full HD IR Bullet Camera - 30Mtr.,http://www.cpplusworld.com/pub/media/catalog/product/cache/small_image/240x300/beff4985b56e3afdbeabfc89641a4582/h/t/httpwww.cpplusworld.comuploadsproductmedium1200-cp-unc-td4k08l3.jpg,CP-UNC-TD4K08L3,IP_Cam,4K,CP_Plus,http://www.cpplusworld.com/cp-unc-td4k08l3
4K Full HD IR Vandal Dome Camera - 20Mtr.,http://www.cpplusworld.com/pub/media/catalog/product/cache/small_image/240x300/beff4985b56e3afdbeabfc89641a4582/h/t/httpwww.cpplusworld.comuploadsproductmedium1201-cp-unc-vd4k08l2.jpg,CP-UNC-VD4K08L2,IP_Cam,4K,CP_Plus,http://www.cpplusworld.com/cp-unc-vd4k08l2
4K Full HD IR Bullet Camera - 50Mtr.,http://www.cpplusworld.com/pub/media/catalog/product/cache/small_image/240x300/beff4985b56e3afdbeabfc89641a4582/h/t/httpwww.cpplusworld.comuploadsproductmedium1580p_cp-unc-te4k81zl5-vm.jpg,CP-UNC-TE4K081ZL5-VM,IP_Cam,4K,CP_Plus,http://www.cpplusworld.com/cp-unc-te4k081zl5-vm
4K Full HD IR Vandal Dome Camera - 30Mtr.,http://www.cpplusworld.com/pub/media/catalog/product/cache/small_image/240x300/beff4985b56e3afdbeabfc89641a4582/h/t/httpwww.cpplusworld.comuploadsproductmedium1649p_cp-unc-vd4k081l3-vm.jpg,CP-UNC-VD4K081L3-VM,IP_Cam,4K,CP_Plus,http://www.cpplusworld.com/cp-unc-vd4k081l3-vm
4K WDR Array Vandal Dome Camera - 30Mtr.,http://www.cpplusworld.com/pub/media/catalog/product/cache/small_image/240x300/beff4985b56e3afdbeabfc89641a4582/h/t/httpwww.cpplusworld.comuploadsproductmedium1924p_cp-vnc-v4kzr3-vmd.jpg,CP-VNC-V4KZR3-VMD,IP_Cam,4K,CP_Plus,http://www.cpplusworld.com/cp-vnc-v4kzr3-vmd
4K WDR Array Bullet Camera - 100Mtr.,http://www.cpplusworld.com/pub/media/catalog/product/cache/small_image/240x300/beff4985b56e3afdbeabfc89641a4582/h/t/httpwww.cpplusworld.comuploadsproductmedium1925p_cp-vnc-t4kzr10-vmd.jpg,CP-VNC-T4KZR10-VMD,IP_Cam,4K,CP_Plus,http://www.cpplusworld.com/cp-vnc-t4kzr10-vmd
4K Ultra HD Network Fish eye camera - 20 Mtr.,http://www.cpplusworld.com/pub/media/catalog/product/cache/small_image/240x300/beff4985b56e3afdbeabfc89641a4582/h/t/httpwww.cpplusworld.comuploadsproductmedium1933p_cp-vnc-e4kr2-vm.jpg,CP-VNC-E4KR2-VM,IP_Cam,4K,CP_Plus,http://www.cpplusworld.com/cp-vnc-e4kr2-vm
4K Ultra HD Network Box camera,http://www.cpplusworld.com/pub/media/catalog/product/cache/small_image/240x300/beff4985b56e3afdbeabfc89641a4582/h/t/httpwww.cpplusworld.comuploadsproductmedium2011p_cp-vnc-b4k-vm.jpg,CP-VNC-B4K-VM,IP_Cam,4K,CP_Plus,http://www.cpplusworld.com/cp-vnc-b4k-vm
12 MP 4K IP Box Camera,http://www.cpplusworld.com/pub/media/catalog/product/cache/small_image/240x300/beff4985b56e3afdbeabfc89641a4582/h/t/httpwww.cpplusworld.comuploadsproductmedium1202-cp-unc-bh4k12-m.jpg,CP-UNC-BH4K12-VM,IP_Cam,12MP,CP_Plus,http://www.cpplusworld.com/cp-unc-bh4k12-vm
12 MP Ultra HD Vandal Proof IP IR Fish eye camera -...,http://www.cpplusworld.com/pub/media/catalog/product/cache/small_image/240x300/beff4985b56e3afdbeabfc89641a4582/h/t/httpwww.cpplusworld.comuploadsproductmedium1204-cp-unc-eh4k12l1-m.jpg,CP-UNC-EH4K12L1-M,IP_Cam,12MP,CP_Plus,http://www.cpplusworld.com/cp-unc-eh4k12l1-m
4K Full HD IR Vandal Dome Camera - 50Mtr.,http://www.cpplusworld.com/pub/media/catalog/product/cache/small_image/240x300/beff4985b56e3afdbeabfc89641a4582/h/t/httpwww.cpplusworld.comuploadsproductmedium1411p_cp-unc-vh4k12zl5-vm.jpg,CP-UNC-VH4K12ZL5-VM,IP_Cam,4K,CP_Plus,http://www.cpplusworld.com/cp-unc-vh4k12zl5-vm
12MP 4K IP IR Bullet Camera - 50Mtr.,http://www.cpplusworld.com/pub/media/catalog/product/cache/small_image/240x300/beff4985b56e3afdbeabfc89641a4582/h/t/httpwww.cpplusworld.comuploadsproductmedium1412p_cp-unc-th4k12zl5-vm.jpg,CP-UNC-TH4K12ZL5-VM,IP_Cam,12MP,CP_Plus,http://www.cpplusworld.com/cp-unc-th4k12zl5-vm
1MP IR Cube Camera - 10 Mtr.,http://www.cpplusworld.com/pub/media/catalog/product/cache/small_image/240x300/beff4985b56e3afdbeabfc89641a4582/h/t/httpwww.cpplusworld.comuploadsproductmedium1476p_epk-ec10l1.jpg,EPK-EC10L1 (EC10),IP_Cam,1MP,CP_Plus,http://www.cpplusworld.com/epk-ec10l1-ec10
1MP IR Pan/Tilt Camera - 10 Mtr.,http://www.cpplusworld.com/pub/media/catalog/product/cache/small_image/240x300/beff4985b56e3afdbeabfc89641a4582/h/t/httpwww.cpplusworld.comuploadsproductmedium1479p_epk-ep10l1-ep10.jpg,EPK-EP10L1 (EP10),IP_Cam,1MP,CP_Plus,http://www.cpplusworld.com/epk-ep10l1-ep10
1MP IR Cube Camera - 10 Mtr.,http://www.cpplusworld.com/pub/media/catalog/product/cache/small_image/240x300/beff4985b56e3afdbeabfc89641a4582/h/t/httpwww.cpplusworld.comuploadsproductmedium1480p_epk-hc10l1-hc10.jpg,EPK-HC10L1 (HC10),IP_Cam,1MP,CP_Plus,http://www.cpplusworld.com/epk-hc10l1-hc10
1MP IR Pan/Tilt Camera - 10 Mtr.,http://www.cpplusworld.com/pub/media/catalog/product/cache/small_image/240x300/beff4985b56e3afdbeabfc89641a4582/h/t/httpwww.cpplusworld.comuploadsproductmedium1496p_epk-hp10l1-hp10.jpg,EPK-HP10L1 (HP10),IP_Cam,1MP,CP_Plus,http://www.cpplusworld.com/epk-hp10l1-hp10
4MP Full HD WDR IR Vandal Dome Camera - 50Mtr.,http://www.cpplusworld.com/pub/media/catalog/product/cache/small_image/240x300/beff4985b56e3afdbeabfc89641a4582/c/p/cp-unc-ve41zl5e-vmd.jpg,CP-UNC-VE41ZL5E-VMD,IP_Cam,4MP,CP_Plus,http://www.cpplusworld.com/cp-unc-ve41zl5e-vmd
2MP Full HD WDR IR Dome Camera - 50Mtr.,http://www.cpplusworld.com/pub/media/catalog/product/cache/small_image/240x300/beff4985b56e3afdbeabfc89641a4582/c/p/cp-unc-dd21l5ce-md.jpg,CP-UNC-DD21L5CE-MD,IP_Cam,2MP,CP_Plus,http://www.cpplusworld.com/cp-unc-dd21l5ce-md
2MP Full HD WDR IR Network Vandal Dome Camera -...,http://www.cpplusworld.com/pub/media/catalog/product/cache/small_image/240x300/beff4985b56e3afdbeabfc89641a4582/c/p/cp-unc-vd21l3e-vmd.jpg,CP-UNC-VD21L3E-VMD,IP_Cam,2MP,CP_Plus,http://www.cpplusworld.com/cp-unc-vd21l3e-vmd
2 MP Full HD WDR IR Network Bullet Camera -...,http://www.cpplusworld.com/pub/media/catalog/product/cache/small_image/240x300/beff4985b56e3afdbeabfc89641a4582/c/p/cp-unc-td21l4e-md.jpg,CP-UNC-TD21L4E-MD,IP_Cam,2MP,CP_Plus,http://www.cpplusworld.com/cp-unc-td21l4e-md
1.3 MP HD HDCVI IR PTZ - 100 M,http://www.cpplusworld.com/pub/media/catalog/product/cache/small_image/240x300/beff4985b56e3afdbeabfc89641a4582/h/t/httpwww.cpplusworld.comuploadsproductmedium853p_853p_cp-uvp-2013l10.png,CP-UVP-2013L10,PTZ,1.3MP,CP_Plus,http://www.cpplusworld.com/cp-uvp-2013l10
1 MP 20x HDCVI IR PTZ Camera,http://www.cpplusworld.com/pub/media/catalog/product/cache/small_image/240x300/beff4985b56e3afdbeabfc89641a4582/h/t/httpwww.cpplusworld.comuploadsproductmedium1149-cp-uvp-2010l10.jpg,CP-UVP-2010L10,PTZ,1 MP,CP_Plus,http://www.cpplusworld.com/cp-uvp-2010l10
2 MP 20x HDCVI IR PTZ Camera,http://www.cpplusworld.com/pub/media/catalog/product/cache/small_image/240x300/beff4985b56e3afdbeabfc89641a4582/h/t/httpwww.cpplusworld.comuploadsproductmedium1150-cp-uvp-2020l10.jpg,CP-UVP-2020L10,PTZ,default,CP_Plus,http://www.cpplusworld.com/cp-uvp-2020l10
2 MP 1080P HDCVI IR PTZ Dome Camera,http://www.cpplusworld.com/pub/media/catalog/product/cache/small_image/240x300/beff4985b56e3afdbeabfc89641a4582/h/t/httpwww.cpplusworld.comuploadsproductmedium1459p_cp-uvp-20205l10.jpg,CP-UVP-20205L10,PTZ,default,CP_Plus,http://www.cpplusworld.com/cp-uvp-20205l10
2 MP Full HD IP PTZ Camera,http://www.cpplusworld.com/pub/media/catalog/product/cache/small_image/240x300/beff4985b56e3afdbeabfc89641a4582/h/t/httpwww.cpplusworld.comuploadsproductmedium773p_cp-unp-4212t.jpg,CP-UNP-4212T,PTZ,default,CP_Plus,http://www.cpplusworld.com/cp-unp-4212t
2 MP Full HD IP PTZ Camera,http://www.cpplusworld.com/pub/media/catalog/product/cache/small_image/240x300/beff4985b56e3afdbeabfc89641a4582/h/t/httpwww.cpplusworld.comuploadsproductmedium774p_cp-unp-2020sl10.jpg,CP-UNP-2020SL10,PTZ,default,CP_Plus,http://www.cpplusworld.com/cp-unp-2020sl10
2 MP Full HD IP PTZ Camera,http://www.cpplusworld.com/pub/media/catalog/product/cache/small_image/240x300/beff4985b56e3afdbeabfc89641a4582/h/t/httpwww.cpplusworld.comuploadsproductmedium775p_775p_cp-unp-3020sl10.png,CP-UNP-3020SL10,PTZ,default,CP_Plus,http://www.cpplusworld.com/cp-unp-3020sl10
2 MP Full HD IP IR PTZ Camera,http://www.cpplusworld.com/pub/media/catalog/product/cache/small_image/240x300/beff4985b56e3afdbeabfc89641a4582/h/t/httpwww.cpplusworld.comuploadsproductmedium1215-cp-unp-2020tl10-p.jpg,CP-UNP-2020TL10-P,PTZ,default,CP_Plus,http://www.cpplusworld.com/cp-unp-2020tl10-p
2MP 20x Full HD Network IR PTZ Camera - 150 Mtr.,http://www.cpplusworld.com/pub/media/catalog/product/cache/small_image/240x300/beff4985b56e3afdbeabfc89641a4582/h/t/httpwww.cpplusworld.comuploadsproductmedium1926p_cp-vnp-2021l15.jpg,CP-VNP-2021L15,PTZ,default,CP_Plus,http://www.cpplusworld.com/cp-vnp-2021l15
2MP 30x Full HD Network IR PTZ Camera - 150 Mtr.,http://www.cpplusworld.com/pub/media/catalog/product/cache/small_image/240x300/beff4985b56e3afdbeabfc89641a4582/h/t/httpwww.cpplusworld.comuploadsproductmedium1927p_cp-vnp-3021l15.jpg,CP-VNP-3021L15,PTZ,default,CP_Plus,http://www.cpplusworld.com/cp-vnp-3021l15
2MP Full HD WDR Network IR PTZ Camera - 200 Mtr.,http://www.cpplusworld.com/pub/media/catalog/product/cache/small_image/240x300/beff4985b56e3afdbeabfc89641a4582/h/t/httpwww.cpplusworld.comuploadsproductmedium1928p_cp-vnp-3321l20-das.jpg,CP-VNP-3321L20-DAS,PTZ,default,CP_Plus,http://www.cpplusworld.com/cp-vnp-3321l20-das
2MP Full HD WDR Network Laser PTZ Camera - 500 Mtr.,http://www.cpplusworld.com/pub/media/catalog/product/cache/small_image/240x300/beff4985b56e3afdbeabfc89641a4582/h/t/httpwww.cpplusworld.comuploadsproductmedium1929p_cp-vnp-3321r50-das.jpg,CP-VNP-3321R50-DAS,PTZ,default,CP_Plus,http://www.cpplusworld.com/cp-vnp-3321r50-das
1.3 MP HD IR Network PTZ Camera,http://www.cpplusworld.com/pub/media/catalog/product/cache/small_image/240x300/beff4985b56e3afdbeabfc89641a4582/h/t/httpwww.cpplusworld.comuploadsproductmedium1993p_cp-enp-e2013l12.jpg,CP-ENP-E2013L12,PTZ,1.3MP,CP_Plus,http://www.cpplusworld.com/cp-enp-e2013l12
2 MP Full HD IR Network PTZ Camera,http://www.cpplusworld.com/pub/media/catalog/product/cache/small_image/240x300/beff4985b56e3afdbeabfc89641a4582/h/t/httpwww.cpplusworld.comuploadsproductmedium1994p_cp-enp-e2020l12.jpg,CP-ENP-E2020L12,PTZ,2MP,CP_Plus,http://www.cpplusworld.com/cp-enp-e2020l12
4 MP Full HD Network PTZ Camera,http://www.cpplusworld.com/pub/media/catalog/product/cache/small_image/240x300/beff4985b56e3afdbeabfc89641a4582/h/t/httpwww.cpplusworld.comuploadsproductmedium1995p_cp-enp-e2041l12.jpg,CP-ENP-E2041L12,PTZ,4MP,CP_Plus,http://www.cpplusworld.com/cp-enp-e2041l12
1.3 MP HD IR Network PTZ Camera,http://www.cpplusworld.com/pub/media/catalog/product/cache/small_image/240x300/beff4985b56e3afdbeabfc89641a4582/h/t/httpwww.cpplusworld.comuploadsproductmedium1996p_cp-enp-f2013l12.jpg,CP-ENP-F2013L12,PTZ,1.3MP,CP_Plus,http://www.cpplusworld.com/cp-enp-f2013l12
3X2MP Multi-Sensor Panoramic HD,https://www.dahuasecurity.com/asset/upload/upfiles/HAC-PFW3601-A180-AC24_thumb.png,HAC-PFW3601-A180-AC24,ultra,4K,Dahua,https://www.dahuasecurity.com/products/productDetail/18351
3X2MP Multi-Sensor Panoramic HD,https://www.dahuasecurity.com/asset/upload/upfiles/HAC-PFW3601-A1801_thumb.png,HAC-PFW3601-A180,ultra,4K,Dahua,https://www.dahuasecurity.com/products/productDetail/16651
8MP HDCVI WDR Box Camera,https://www.dahuasecurity.com/asset/upload/upfiles/HAC-HF3805G_thumb.png,HAC-HF3805G,ultra,4K,Dahua,https://www.dahuasecurity.com/products/productDetail/17711
8MP HDCVI IR-Fisheye Camera,https://www.dahuasecurity.com/asset/upload/upfiles/HAC-EBW38021_thumb.png,HAC-EBW3802,ultra,4K,Dahua,https://www.dahuasecurity.com/products/productDetail/16641
8MP HDCVI WDR IR-Bullet Camera,https://www.dahuasecurity.com/asset/upload/product/20180608/HAC-HFW3802E-Z-VP_thumb.png,HAC-HFW3802E-Z-VP,ultra,4K,Dahua,https://www.dahuasecurity.com/products/productDetail/14561
8MP HDCVI WDR IR-Bullet Camera,https://www.dahuasecurity.com/asset/upload/upfiles/HAC-HFW3802E-ZH-VP1_thumb1_thumb.png,HAC-HFW3802E-ZH-VP,ultra,4K,Dahua,https://www.dahuasecurity.com/products/productDetail/14551
8MP HDCVI WDR IR-Dome Camera,https://www.dahuasecurity.com/asset/upload/upfiles/HAC-HDBW3802E-ZH1_thumb.png,HAC-HDBW3802E-ZH,ultra,4K,Dahua,https://www.dahuasecurity.com/products/productDetail/13771
8MP HDCVI WDR IR-Dome Camera,https://www.dahuasecurity.com/asset/upload/upfiles/HAC-HDBW3802E-Z1_thumb.png,HAC-HDBW3802E-Z,ultra,4K,Dahua,https://www.dahuasecurity.com/products/productDetail/13581
2MP 12x Optical Zoom Starlight HD,https://www.dahuasecurity.com/asset/upload/product/20180608/HAC-HFW3231E-Z12_thumb.png,HAC-HFW3231E-Z12,ultra,default,Dahua,https://www.dahuasecurity.com/products/productDetail/18361
2MP Starlight HDCVI Pinhole Camera,https://www.dahuasecurity.com/asset/upload/upfiles/HAC-HUM3201B_thumb.png,HAC-HUM3201B,ultra,default,Dahua,https://www.dahuasecurity.com/products/productDetail/14661
2MP Starlight HDCVI Box Camera,https://www.dahuasecurity.com/asset/upload/upfiles/HAC-HF3231E_thumb.png,HAC-HF3231E,ultra,default,Dahua,https://www.dahuasecurity.com/products/productDetail/6561
2MP Starlight HDCVI Box Camera,https://www.dahuasecurity.com/asset/upload/upfiles/HAC-HF3231E-T_thumb.png,HAC-HF3231E-T,ultra,default,Dahua,https://www.dahuasecurity.com/products/productDetail/6551
2MP Starlight HDCVI IR Bullet Camera,https://www.dahuasecurity.com/asset/upload/upfiles/HAC-HFW3231E-Z_thumb.png,HAC-HFW3231E-Z,ultra,default,Dahua,https://www.dahuasecurity.com/products/productDetail/6301
2MP Starlight HDCVI IR Bullet Camera,https://www.dahuasecurity.com/asset/upload/upfiles/HAC-HFW3231E-ZH_thumb.png,HAC-HFW3231E-ZH,ultra,default,Dahua,https://www.dahuasecurity.com/products/productDetail/6291
2MP Starlight HDCVI IR Bullet Camera,https://www.dahuasecurity.com/asset/upload/upfiles/HAC-HFW3231E-ZT1_thumb.png,HAC-HFW3231E-ZT,ultra,default,Dahua,https://www.dahuasecurity.com/products/productDetail/6281
2MP Starlight HDCVI IR Dome Camera,https://www.dahuasecurity.com/asset/upload/upfiles/HAC-HDBW3231E-Z_thumb.png,HAC-HDBW3231E-Z,ultra,default,Dahua,https://www.dahuasecurity.com/products/productDetail/6271
2MP Starlight HDCVI IR Dome Camera,https://www.dahuasecurity.com/asset/upload/upfiles/HAC-HDBW3231E-ZH_thumb.png,HAC-HDBW3231E-ZH,ultra,default,Dahua,https://www.dahuasecurity.com/products/productDetail/6261
4K Starlight HDCVI IR Bullet Camera,https://www.dahuasecurity.com/asset/upload/product/20180212/DH-HAC-HFW2802T-Z-A_Image2_thumb.png,HAC-HFW2802T-Z-A,pro,4K,Dahua,https://www.dahuasecurity.com/products/productDetail/20357
4K Starlight HDCVI IR Bullet Camera,https://www.dahuasecurity.com/asset/upload/product/20180212/HAC-HFW2802T-Z-A-DP_Image1_thumb.png,HAC-HFW2802T-Z-A-DP,pro,4K,Dahua,https://www.dahuasecurity.com/products/productDetail/20347
4K Starlight HDCVI IR Dome Camera,https://www.dahuasecurity.com/asset/upload/product/20180212/DH-HAC-HDBW2802R-Z_Image_thumb.png,HAC-HDBW2802R-Z,pro,4K,Dahua,https://www.dahuasecurity.com/products/productDetail/20337
4K Starlight HDCVI IR Dome Camera,https://www.dahuasecurity.com/asset/upload/product/20180212/DH-HAC-HDBW2802R-Z-DP_Image_thumb.png,HAC-HDBW2802R-Z-DP,pro,4K,Dahua,https://www.dahuasecurity.com/products/productDetail/20327
4K Starlight HDCVI IR Eyeball Camera,https://www.dahuasecurity.com/asset/upload/product/20180212/DH-HAC-HDW2802T-Z-A_Image_thumb.png,HAC-HDW2802T-Z-A,pro,4K,Dahua,https://www.dahuasecurity.com/products/productDetail/20317
4K Starlight HDCVI IR Eyeball Camera,https://www.dahuasecurity.com/asset/upload/product/20180212/DH-HAC-HDW2802T-Z-A-DP_Image_thumb.png,HAC-HDW2802T-Z-A-DP,pro,4K,Dahua,https://www.dahuasecurity.com/products/productDetail/20307
4K Starlight HDCVI IR Bullet Camera,https://www.dahuasecurity.com/asset/upload/product/20180212/DH-HAC-HFW2802E-A_Image_thumb.png,HAC-HFW2802E-A,pro,4K,Dahua,https://www.dahuasecurity.com/products/productDetail/20297
4K Starlight HDCVI IR Bullet Camera,https://www.dahuasecurity.com/asset/upload/product/20180212/HAC-HFW2802T-A-I8_Image1_thumb.png,HAC-HFW2802T-A-I8,pro,4K,Dahua,https://www.dahuasecurity.com/products/productDetail/20287
4K Starlight HDCVI IR Dome Camera,https://www.dahuasecurity.com/asset/upload/product/20180212/DH-HAC-HDBW2802R_Image1_thumb.png,HAC-HDBW2802R,pro,4K,Dahua,https://www.dahuasecurity.com/products/productDetail/20277
6MP WDR HDCVI IR Bullet Camera,https://www.dahuasecurity.com/asset/upload/product/20180212/HAC-HFW2601T-Z-A_Image_thumb.png,HAC-HFW2601T-Z-A,pro,6MP,Dahua,https://www.dahuasecurity.com/products/productDetail/20257
6MP WDR HDCVI IR Bullet Camera,https://www.dahuasecurity.com/asset/upload/product/20180212/HAC-HFW2601T-Z-A-DP_Image_thumb.png,HAC-HFW2601T-Z-A-DP,pro,6MP,Dahua,https://www.dahuasecurity.com/products/productDetail/20247
6MP WDR HDCVI IR Dome Camera,https://www.dahuasecurity.com/asset/upload/product/20180212/DH-HAC-HDBW2601R-Z_Image_thumb.png,HAC-HDBW2601R-Z,pro,6MP,Dahua,https://www.dahuasecurity.com/products/productDetail/20237
6MP WDR HDCVI IR Dome Camera,https://www.dahuasecurity.com/asset/upload/product/20180212/DH-HAC-HDBW2601R-Z-DP_Image_thumb.png,HAC-HDBW2601R-Z-DP,pro,6MP,Dahua,https://www.dahuasecurity.com/products/productDetail/20227
6MP WDR HDCVI IR Eyeball Camera,https://www.dahuasecurity.com/asset/upload/product/20180212/DH-HAC-HDW2601T-Z-A_Image_thumb.png,HAC-HDW2601T-Z-A,pro,6MP,Dahua,https://www.dahuasecurity.com/products/productDetail/20217
6MP WDR HDCVI IR Eyeball Camera,https://www.dahuasecurity.com/asset/upload/product/20180212/DH-HAC-HDW2601T-Z-A-DP_Image_thumb.png,HAC-HDW2601T-Z-A-DP,pro,6MP,Dahua,https://www.dahuasecurity.com/products/productDetail/20207
6MP WDR HDCVI IR Bullet Camera,https://www.dahuasecurity.com/asset/upload/product/20180212/DH-HAC-HFW2601E-A_Image_thumb.png,HAC-HFW2601E-A,pro,6MP,Dahua,https://www.dahuasecurity.com/products/productDetail/20197
6MP WDR HDCVI IR Eyeball Camera,https://www.dahuasecurity.com/asset/upload/product/20180212/DH-HAC-HDW2601T-A_Image_thumb.png,HAC-HDW2601T-A,pro,6MP,Dahua,https://www.dahuasecurity.com/products/productDetail/20187
5MP Starlight HDCVI IR Eyeball Camera,https://www.dahuasecurity.com/asset/upload/product/20180601/HAC-HDW2501M_thumb.png,HAC-HDW2501M,pro,5MP,Dahua,https://www.dahuasecurity.com/products/productDetail/23207
5MP Starlight HDCVI IR Eyeball Camera,https://www.dahuasecurity.com/asset/upload/product/20180601/HAC-HDW2501T-A_thumb.png,HAC-HDW2501T-A,pro,5MP,Dahua,https://www.dahuasecurity.com/products/productDetail/23197
5MP Starlight HDCVI IR Dome Camera,https://www.dahuasecurity.com/asset/upload/product/20180601/HAC-HDBW2501E_thumb.png,HAC-HDBW2501E,pro,5MP,Dahua,https://www.dahuasecurity.com/products/productDetail/23187
5MP Starlight HDCVI IR Bullet Camera,https://www.dahuasecurity.com/asset/upload/product/20180601/HAC-HFW2501S_thumb.png,HAC-HFW2501S,pro,5MP,Dahua,https://www.dahuasecurity.com/products/productDetail/23177
5MP Starlight HDCVI IR Bullet Camera,https://www.dahuasecurity.com/asset/upload/product/20180601/HAC-HFW2501E-A_thumb.png,HAC-HFW2501E-A,pro,5MP,Dahua,https://www.dahuasecurity.com/products/productDetail/23167
5MP Starlight HDCVI IR Bullet Camera,https://www.dahuasecurity.com/asset/upload/product/20180601/HAC-HFW2501T-I8-A_thumb.png,HAC-HFW2501T-I8-A,pro,5MP,Dahua,https://www.dahuasecurity.com/products/productDetail/23157
5MP Starlight HDCVI IR Eyeball Camera,https://www.dahuasecurity.com/asset/upload/product/20180601/HAC-HDW2501T-Z-A-DP_thumb.png,HAC-HDW2501T-Z-A-DP,pro,5MP,Dahua,https://www.dahuasecurity.com/products/productDetail/23147
5MP Starlight HDCVI IR Eyeball Camera,https://www.dahuasecurity.com/asset/upload/product/20180601/HAC-HDW2501T-Z-A_thumb.png,HAC-HDW2501T-Z-A,pro,5MP,Dahua,https://www.dahuasecurity.com/products/productDetail/23137
5MP Starlight HDCVI IR Dome Camera,https://www.dahuasecurity.com/asset/upload/product/20180601/HAC-HDBW2501R-Z-DP_thumb.png,HAC-HDBW2501R-Z-DP,pro,5MP,Dahua,https://www.dahuasecurity.com/products/productDetail/23127
4MP HDCVI WDR IR Eyeball Camera,https://www.dahuasecurity.com/asset/upload/upfiles/HAC-HDW2401EM-A1_thumb.png,HAC-HDW2401EM-A,pro,default,Dahua,https://www.dahuasecurity.com/products/productDetail/17631
4MP HDCVI WDR Fisheye Camera,https://www.dahuasecurity.com/asset/upload/upfiles/HAC-EB2401_thumb.png,HAC-EB2401,pro,default,Dahua,https://www.dahuasecurity.com/products/productDetail/10531
4MP HDCVI WDR IR Eyeball Camera,https://www.dahuasecurity.com/asset/upload/upfiles/HAC-HDW2401M_thumb.png,HAC-HDW2401M,pro,default,Dahua,https://www.dahuasecurity.com/products/productDetail/9761
4MP HDCVI WDR IR Eyeball Camera,https://www.dahuasecurity.com/asset/upload/upfiles/HAC-HDW2401EM_thumb.png,HAC-HDW2401EM,pro,default,Dahua,https://www.dahuasecurity.com/products/productDetail/9751
4MP WDR HDCVI IR Dome Camera,https://www.dahuasecurity.com/asset/upload/upfiles/HAC-HDBW2401E_thumb.png,HAC-HDBW2401E,pro,default,Dahua,https://www.dahuasecurity.com/products/productDetail/9741
4MP HDCVI WDR IR Bullet Camera,https://www.dahuasecurity.com/asset/upload/upfiles/HAC-HFW2401S_thumb.png,HAC-HFW2401S,pro,default,Dahua,https://www.dahuasecurity.com/products/productDetail/9731
4MP HDCVI WDR IR Bullet Camera,https://www.dahuasecurity.com/asset/upload/upfiles/HAC-HFW2401E_thumb.png,HAC-HFW2401E,pro,default,Dahua,https://www.dahuasecurity.com/products/productDetail/9721
4MP HDCVI WDR IR Bullet Camera,https://www.dahuasecurity.com/asset/upload/upfiles/HAC-HFW2401D_thumb.png,HAC-HFW2401D,pro,default,Dahua,https://www.dahuasecurity.com/products/productDetail/9711
4MP WDR HDCVI IR Bullet Camera,https://www.dahuasecurity.com/asset/upload/upfiles/HAC-HFW2401R-Z-IRE6_thumb.png,HAC-HFW2401R-Z-IRE6,pro,default,Dahua,https://www.dahuasecurity.com/products/productDetail/9151
2MP Full-color Starlight HDCVI Bullet Camera,https://www.dahuasecurity.com/asset/upload/product/20180514/DH-HAC-HFW2249T-I8-A_Image1_thumb.png,HAC-HFW2249T-I8-A,pro,1080P,Dahua,https://www.dahuasecurity.com/products/productDetail/22597
2MP Full-color Starlight HDCVI Bullet Camera,https://www.dahuasecurity.com/asset/upload/product/20180514/DH-HAC-HFW2249E-A_Image1_thumb.png,HAC-HFW2249E-A,pro,1080P,Dahua,https://www.dahuasecurity.com/products/productDetail/22587
2MP Full-color Starlight HDCVI Bullet Camera,https://www.dahuasecurity.com/asset/upload/product/20180514/DH-HAC-HDW2249T-A_Image_thumb.png,HAC-HDW2249T-A,pro,1080P,Dahua,https://www.dahuasecurity.com/products/productDetail/22577
2MP Starlight HDCVI IR Bullet Camera,https://www.dahuasecurity.com/asset/upload/product/20180504/DH-HAC-HFW2241T-Z-A_Image1_thumb.png,HAC-HFW2241T-Z-A,pro,1080P,Dahua,https://www.dahuasecurity.com/products/productDetail/22247
2MP Starlight HDCVI IR Bullet Camera,https://www.dahuasecurity.com/asset/upload/product/20180504/DH-HAC-HFW2241T-Z-A-DP_Image1_thumb.png,HAC-HFW2241T-Z-A-DP,pro,1080P,Dahua,https://www.dahuasecurity.com/products/productDetail/22237
2MP Starlight HDCVI IR Dome Camera,https://www.dahuasecurity.com/asset/upload/product/20180504/DH-HAC-HDBW2241R-Z_Image_thumb.png,HAC-HDBW2241R-Z,pro,1080P,Dahua,https://www.dahuasecurity.com/products/productDetail/22227
2MP Starlight HDCVI IR Dome Camera,https://www.dahuasecurity.com/asset/upload/product/20180504/DH-HAC-HDBW2241R-Z-DP_Image_thumb.png,HAC-HDBW2241R-Z-DP,pro,1080P,Dahua,https://www.dahuasecurity.com/products/productDetail/22217
2MP Starlight HDCVI IR Eyeball Camera,https://www.dahuasecurity.com/asset/upload/product/20180504/DH-HAC-HDW2241T-Z-A_Image_thumb.png,HAC-HDW2241T-Z-A,pro,1080P,Dahua,https://www.dahuasecurity.com/products/productDetail/22207
2MP Starlight HDCVI IR Eyeball Camera,https://www.dahuasecurity.com/asset/upload/product/20180504/DH-HAC-HDW2241T-Z-A-DP_Image1_thumb.png,HAC-HDW2241T-Z-A-DP,pro,1080P,Dahua,https://www.dahuasecurity.com/products/productDetail/22197
4MP HDCVI PoC IR Bullet Camera,https://www.dahuasecurity.com/asset/upload/upfiles/HAC-HFW1400S-POC1_thumb.png,HAC-HFW1400S-POC,light,default,Dahua,https://www.dahuasecurity.com/products/productDetail/18501
4MP HDCVI PoC IR Eyeball Camera,https://www.dahuasecurity.com/asset/upload/upfiles/HAC-HDW1400EM-POC_thumb.png,HAC-HDW1400EM-POC,light,default,Dahua,https://www.dahuasecurity.com/products/productDetail/18491
4MP HDCVI IR Eyeball Camera,https://www.dahuasecurity.com/asset/upload/upfiles/HAC-HDW1400EM-A1_thumb.png,HAC-HDW1400EM-A,light,default,Dahua,https://www.dahuasecurity.com/products/productDetail/17621
4MP HDCVI IR Bullet Camera,https://www.dahuasecurity.com/asset/upload/upfiles/HAC-HFW1400T_thumb.png,HAC-HFW1400T,light,default,Dahua,https://www.dahuasecurity.com/products/productDetail/11931
4MP HDCVI IR Bullet Camera,https://www.dahuasecurity.com/asset/upload/upfiles/HAC-HFW1400SL_thumb.png,HAC-HFW1400SL,light,default,Dahua,https://www.dahuasecurity.com/products/productDetail/11921
4MP HDCVI IR Bullet Camera,https://www.dahuasecurity.com/asset/upload/upfiles/HAC-HFW1400S_thumb.png,HAC-HFW1400S,light,default,Dahua,https://www.dahuasecurity.com/products/productDetail/11911
4MP HDCVI IR Bullet Camera,https://www.dahuasecurity.com/asset/upload/upfiles/HAC-HFW1400R-VF-IRE6_thumb.png,HAC-HFW1400R-VF-IRE6,light,default,Dahua,https://www.dahuasecurity.com/products/productDetail/11901
4MP HDCVI IR Bullet Camera,https://www.dahuasecurity.com/asset/upload/upfiles/HAC-HFW1400R-VF_thumb.png,HAC-HFW1400R-VF,light,default,Dahua,https://www.dahuasecurity.com/products/productDetail/11891
4MP HDCVI IR Bullet Camera,https://www.dahuasecurity.com/asset/upload/upfiles/HAC-HFW1400R_thumb.png,HAC-HFW1400R,light,default,Dahua,https://www.dahuasecurity.com/products/productDetail/11881
2MP HDCVI IR Eyeball Camera,https://www.dahuasecurity.com/asset/upload/upfiles/DH-HAC-HDW1200SL_thumb.png,HAC-HDW1200SL,light,1080P,Dahua,https://www.dahuasecurity.com/products/productDetail/19381
2MP HDCVI IR Eyeball Camera,https://www.dahuasecurity.com/asset/upload/upfiles/DH-HAC-HDW1200L_thumb.png,HAC-HDW1200L,light,1080P,Dahua,https://www.dahuasecurity.com/products/productDetail/19371
2MP HDCVI IR Dome Camera,https://www.dahuasecurity.com/asset/upload/upfiles/DH-HAC-HDPW1200R1_thumb.png,HAC-HDPW1200R,light,1080P,Dahua,https://www.dahuasecurity.com/products/productDetail/19361
2MP HDCVI PoC IR Bullet Camera,https://www.dahuasecurity.com/asset/upload/upfiles/HAC-HFW1200S-POC1_thumb.png,HAC-HFW1200S-POC,light,1080P,Dahua,https://www.dahuasecurity.com/products/productDetail/18531
2MP HDCVI PoC IR Eyeball Cam,https://www.dahuasecurity.com/asset/upload/upfiles/HAC-HDW1200EM-POC_thumb.png,HAC-HDW1200EM-POC,light,1080P,Dahua,https://www.dahuasecurity.com/products/productDetail/18521
2MP HDCVI Bullet Camera,https://www.dahuasecurity.com/asset/upload/upfiles/HAC-HUM1220G-B-P_thumb.png,HAC-HUM1220G-B-P,light,1080P,Dahua,https://www.dahuasecurity.com/products/productDetail/18191
2MP HDCVI Bullet Camera,https://www.dahuasecurity.com/asset/upload/upfiles/HAC-HUM1220G-B_thumb.png,HAC-HUM1220G-B,light,1080P,Dahua,https://www.dahuasecurity.com/products/productDetail/18181
2MP HDCVI Bullet Camera,https://www.dahuasecurity.com/asset/upload/upfiles/HAC-HUM1220G_thumb.png,HAC-HUM1220G,light,1080P,Dahua,https://www.dahuasecurity.com/products/productDetail/18171
2MP HDCVI IR Bullet Camera,https://www.dahuasecurity.com/asset/upload/upfiles/HAC-HFW1200T_thumb.png,HAC-HFW1200T,light,1080P,Dahua,https://www.dahuasecurity.com/products/productDetail/18011
1MP HDCVI IR Bullet Camera,https://www.dahuasecurity.com/asset/upload/upfiles/HAC-HFW1100R-VF-IRE6_thumb.png,HAC-HFW1100R-VF-IRE6,light,720P,Dahua,https://www.dahuasecurity.com/products/productDetail/3851
1MP HDCVI IR Bullet Camera,https://www.dahuasecurity.com/asset/upload/upfiles/HAC-HFW1100R-VF_thumb.png,HAC-HFW1100R-VF,light,720P,Dahua,https://www.dahuasecurity.com/products/productDetail/3861
1MP HDCVI IR Dome Camera,https://www.dahuasecurity.com/asset/upload/upfiles/HAC-HDBW1100R-VF3_thumb.png,HAC-HDBW1100R-VF,light,720P,Dahua,https://www.dahuasecurity.com/products/productDetail/3961
1MP HDCVI IR Eyeball Camera,https://www.dahuasecurity.com/asset/upload/product/20180228/DH-HAC-HDW1100R-VF_thumb.png,HAC-HDW1100R-VF,light,720P,Dahua,https://www.dahuasecurity.com/products/productDetail/3951
1MP HDCVI IR Bullet Camera,https://www.dahuasecurity.com/asset/upload/upfiles/HAC-HFW1100D_thumb.png,HAC-HFW1100D,light,720P,Dahua,https://www.dahuasecurity.com/products/productDetail/3941
1MP HDCVI IR Bullet Camera,https://www.dahuasecurity.com/asset/upload/upfiles/HAC-HFW1100B_thumb.png,HAC-HFW1100B,light,720P,Dahua,https://www.dahuasecurity.com/products/productDetail/3931
1MP HDCVI IR Bullet Camera,https://www.dahuasecurity.com/asset/upload/upfiles/HAC-HFW1100S_thumb.png,HAC-HFW1100S,light,720P,Dahua,https://www.dahuasecurity.com/products/productDetail/3921
1MP HDCVI IR Bullet Camera,https://www.dahuasecurity.com/asset/upload/upfiles/HAC-HFW1100SL_thumb.png,HAC-HFW1100SL,light,720P,Dahua,https://www.dahuasecurity.com/products/productDetail/3911
1MP HDCVI IR Bullet Camera,https://www.dahuasecurity.com/asset/upload/upfiles/HAC-HFW1100RM_thumb.png,HAC-HFW1100RM,light,720P,Dahua,https://www.dahuasecurity.com/products/productDetail/3971
