name,image,code,category,subtype,Company,product link
4 Ch. 4K 4PoE H.265 Network Video Recorder,http://www.cpplusworld.com/pub/media/catalog/product/cache/small_image/240x300/beff4985b56e3afdbeabfc89641a4582/c/p/cp-unr-4k2041-p4v2.jpg,CP-UNR-4K2041-P4V2,4ch_nvr_nvr,default,CP_Plus,http://www.cpplusworld.com/cp-unr-4k2041-p4v2
4 Ch. 4K H.265 Network Video Recorder,http://www.cpplusworld.com/pub/media/catalog/product/cache/small_image/240x300/beff4985b56e3afdbeabfc89641a4582/c/p/cp-unr-4k2042-v2.jpg,CP-UNR-4K2042-V2,4ch_nvr_nvr,default,CP_Plus,http://www.cpplusworld.com/cp-unr-4k2042-v2
4 Ch. 4K H.265 Network Video Recorder,http://www.cpplusworld.com/pub/media/catalog/product/cache/small_image/240x300/beff4985b56e3afdbeabfc89641a4582/c/p/cp-unr-4k2041-v2.jpg,CP-UNR-4K2041-V2,4ch_nvr_nvr,default,CP_Plus,http://www.cpplusworld.com/cp-unr-4k2041-v2
4 Ch. Network Video Recorder,http://www.cpplusworld.com/pub/media/catalog/product/cache/small_image/240x300/beff4985b56e3afdbeabfc89641a4582/h/t/httpwww.cpplusworld.comuploadsproductmedium935p_mini1u.jpg,CP-UNR-404T1,4ch_nvr_nvr,default,CP_Plus,http://www.cpplusworld.com/cp-unr-404t1
4 Ch. Network Video Recorder,http://www.cpplusworld.com/pub/media/catalog/product/cache/small_image/240x300/beff4985b56e3afdbeabfc89641a4582/h/t/httpwww.cpplusworld.comuploadsproductmedium1703p_cp-unr-204t2-v2.jpg,CP-UNR-204T2-V2,4ch_nvr_nvr,default,CP_Plus,http://www.cpplusworld.com/cp-unr-204t2-v2
4 Ch. 4PoE Network Video Recorder,http://www.cpplusworld.com/pub/media/catalog/product/cache/small_image/240x300/beff4985b56e3afdbeabfc89641a4582/h/t/httpwww.cpplusworld.comuploadsproductmedium1655p_cp-unr-204t1-p4v2.jpg,CP-UNR-204T1-P4V2,4ch_nvr_nvr,default,CP_Plus,http://www.cpplusworld.com/cp-unr-204t1-p4v2
4 Ch. Network Video Recorder,http://www.cpplusworld.com/pub/media/catalog/product/cache/small_image/240x300/beff4985b56e3afdbeabfc89641a4582/h/t/httpwww.cpplusworld.comuploadsproductmedium1561p_cp-unr-204t1-v2.jpg,CP-UNR-204T1-V2,4ch_nvr_nvr,default,CP_Plus,http://www.cpplusworld.com/cp-unr-204t1-v2
4 Ch. Wi-Fi Network Video Recorder,http://www.cpplusworld.com/pub/media/catalog/product/cache/small_image/240x300/beff4985b56e3afdbeabfc89641a4582/h/t/httpwww.cpplusworld.comuploadsproductmedium1431p_cp-unr-404t1-w.jpg,CP-UNR-404T1-W,4ch_nvr_nvr,default,CP_Plus,http://www.cpplusworld.com/cp-unr-404t1-w
4 Ch. Network Video Recorder,http://www.cpplusworld.com/pub/media/catalog/product/cache/small_image/240x300/beff4985b56e3afdbeabfc89641a4582/h/t/httpwww.cpplusworld.comuploadsproductmedium1223-cp-unr-404t2n.jpg,CP-UNR-404T2N,4ch_nvr_nvr,default,CP_Plus,http://www.cpplusworld.com/cp-unr-404t2n
4 Ch. Network Video Recorder,http://www.cpplusworld.com/pub/media/catalog/product/cache/small_image/240x300/beff4985b56e3afdbeabfc89641a4582/h/t/httpwww.cpplusworld.comuploadsproductmedium1094-cp-unr-104f1.jpg,CP-UNR-104F1,4ch_nvr_nvr,default,CP_Plus,http://www.cpplusworld.com/cp-unr-104f1
4 Ch. Network Video Recorder,http://www.cpplusworld.com/pub/media/catalog/product/cache/small_image/240x300/beff4985b56e3afdbeabfc89641a4582/h/t/httpwww.cpplusworld.comuploadsproductmedium974p_1u.jpg,CP-UNR-404T2,4ch_nvr_nvr,default,CP_Plus,http://www.cpplusworld.com/cp-unr-404t2
4 Ch. Network Video Recorder,http://www.cpplusworld.com/pub/media/catalog/product/cache/small_image/240x300/beff4985b56e3afdbeabfc89641a4582/h/t/httpwww.cpplusworld.comuploadsproductmedium938p_mini1u.jpg,CP-UNR-404T1-P4,4ch_nvr_nvr,default,CP_Plus,http://www.cpplusworld.com/cp-unr-404t1-p4
4 Ch. Network Video Recorder,http://www.cpplusworld.com/pub/media/catalog/product/cache/small_image/240x300/beff4985b56e3afdbeabfc89641a4582/h/t/httpwww.cpplusworld.comuploadsproductmedium1784p_cp-enr-1404.jpg,CP-ENR-1404,4ch_nvr_nvr,red,CP_Plus,http://www.cpplusworld.com/cp-enr-1404
4 Ch. Network Video Recorder,http://www.cpplusworld.com/pub/media/catalog/product/cache/small_image/240x300/beff4985b56e3afdbeabfc89641a4582/h/t/httpwww.cpplusworld.comuploadsproductmedium1792p_cp-enr-1504.jpg,CP-ENR-1504,4ch_nvr_nvr,red,CP_Plus,http://www.cpplusworld.com/cp-enr-1504
4 Ch. 4PoE Network Video Recorder,http://www.cpplusworld.com/pub/media/catalog/product/cache/small_image/240x300/beff4985b56e3afdbeabfc89641a4582/h/t/httpwww.cpplusworld.comuploadsproductmedium1986p_cp-enr-1404-p4.jpg,CP-ENR-1404-P4,4ch_nvr_nvr,red,CP_Plus,http://www.cpplusworld.com/cp-enr-1404-p4
4 Ch. 4PoE Network Video Recorder,http://www.cpplusworld.com/pub/media/catalog/product/cache/small_image/240x300/beff4985b56e3afdbeabfc89641a4582/h/t/httpwww.cpplusworld.comuploadsproductmedium1987p_cp-enr-1504-p4.jpg,CP-ENR-1504-P4,4ch_nvr_nvr,red,CP_Plus,http://www.cpplusworld.com/cp-enr-1504-p4
4 Ch. 4K Network Video Recorder,http://www.cpplusworld.com/pub/media/catalog/product/cache/small_image/240x300/beff4985b56e3afdbeabfc89641a4582/h/t/httpwww.cpplusworld.comuploadsproductmedium1887p_cp-vnr-3104.jpg,CP-VNR-3104,4ch_nvr_nvr,indigo,CP_Plus,http://www.cpplusworld.com/cp-vnr-3104
4 Ch. 4K 4PoE Network Video Recorder,http://www.cpplusworld.com/pub/media/catalog/product/cache/small_image/240x300/beff4985b56e3afdbeabfc89641a4582/h/t/httpwww.cpplusworld.comuploadsproductmedium1890p_cp-vnr-3104-4p.jpg,CP-VNR-3104-4P,4ch_nvr_nvr,indigo,CP_Plus,http://www.cpplusworld.com/cp-vnr-3104-4p
8 Ch. 4K 8PoE H.265 Network Video Recorder,http://www.cpplusworld.com/pub/media/catalog/product/cache/small_image/240x300/beff4985b56e3afdbeabfc89641a4582/c/p/cp-unr-4k2082-p8v2.jpg,CP-UNR-4K2082-P8V2,8ch_nvr,default,CP_Plus,http://www.cpplusworld.com/cp-unr-4k2082-p8v2
8 Ch. 4K H.265 Network Video Recorder,http://www.cpplusworld.com/pub/media/catalog/product/cache/small_image/240x300/beff4985b56e3afdbeabfc89641a4582/c/p/cp-unr-4k2082-v2.jpg,CP-UNR-4K2082-V2,8ch_nvr,default,CP_Plus,http://www.cpplusworld.com/cp-unr-4k2082-v2
8 Ch. 4K H.265 Network Video Recorder,http://www.cpplusworld.com/pub/media/catalog/product/cache/small_image/240x300/beff4985b56e3afdbeabfc89641a4582/c/p/cp-unr-4k2081-v2.jpg,CP-UNR-4K2081-V2,8ch_nvr,default,CP_Plus,http://www.cpplusworld.com/cp-unr-4k2081-v2
8 Ch. Network Video Recorder,http://www.cpplusworld.com/pub/media/catalog/product/cache/small_image/240x300/beff4985b56e3afdbeabfc89641a4582/h/t/httpwww.cpplusworld.comuploadsproductmedium936p_mini1u.jpg,CP-UNR-408T1,8ch_nvr,default,CP_Plus,http://www.cpplusworld.com/cp-unr-408t1
8 Ch. Network Video Recorder,http://www.cpplusworld.com/pub/media/catalog/product/cache/small_image/240x300/beff4985b56e3afdbeabfc89641a4582/h/t/httpwww.cpplusworld.comuploadsproductmedium1704p_cp-unr-208t2-v2.jpg,CP-UNR-208T2-V2,8ch_nvr,default,CP_Plus,http://www.cpplusworld.com/cp-unr-208t2-v2
8 Ch. H.265 4K Network Video Recorder,http://www.cpplusworld.com/pub/media/catalog/product/cache/small_image/240x300/beff4985b56e3afdbeabfc89641a4582/h/t/httpwww.cpplusworld.comuploadsproductmedium1659p_cp-unr-4k4082-v2.jpg,CP-UNR-4K4082-V2,8ch_nvr,default,CP_Plus,http://www.cpplusworld.com/cp-unr-4k4082-v2
8 Ch. 8PoE Network Video Recorder,http://www.cpplusworld.com/pub/media/catalog/product/cache/small_image/240x300/beff4985b56e3afdbeabfc89641a4582/h/t/httpwww.cpplusworld.comuploadsproductmedium1656p_cp-unr-208t2-p8v2.jpg,CP-UNR-208T2-P8V2,8ch_nvr,default,CP_Plus,http://www.cpplusworld.com/cp-unr-208t2-p8v2
8 Ch. Network Video Recorder,http://www.cpplusworld.com/pub/media/catalog/product/cache/small_image/240x300/beff4985b56e3afdbeabfc89641a4582/h/t/httpwww.cpplusworld.comuploadsproductmedium1619p_cp-unr-408t4.jpg,CP-UNR-408T4,8ch_nvr,default,CP_Plus,http://www.cpplusworld.com/cp-unr-408t4
8 Ch. Network Video Recorder with 8 PoE Ports,http://www.cpplusworld.com/pub/media/catalog/product/cache/small_image/240x300/beff4985b56e3afdbeabfc89641a4582/h/t/httpwww.cpplusworld.comuploadsproductmedium1602p_cp-unr-408t2-p8.jpg,CP-UNR-408T2-P8,8ch_nvr,default,CP_Plus,http://www.cpplusworld.com/cp-unr-408t2-p8
8 Ch. Network Video Recorder,http://www.cpplusworld.com/pub/media/catalog/product/cache/small_image/240x300/beff4985b56e3afdbeabfc89641a4582/h/t/httpwww.cpplusworld.comuploadsproductmedium1562p_cp-unr-208t1-v2.jpg,CP-UNR-208T1-V2,8ch_nvr,default,CP_Plus,http://www.cpplusworld.com/cp-unr-208t1-v2
8 Ch. Network Video Recorder,http://www.cpplusworld.com/pub/media/catalog/product/cache/small_image/240x300/beff4985b56e3afdbeabfc89641a4582/h/t/httpwww.cpplusworld.comuploadsproductmedium1224-cp-unr-408t2n.jpg,CP-UNR-408T2N,8ch_nvr,default,CP_Plus,http://www.cpplusworld.com/cp-unr-408t2n
8 Ch. H.265 4K Network Video Recorder,http://www.cpplusworld.com/pub/media/catalog/product/cache/small_image/240x300/beff4985b56e3afdbeabfc89641a4582/h/t/httpwww.cpplusworld.comuploadsproductmedium1116-cp-unr-4k4084.jpg,CP-UNR-4K4084,8ch_nvr,default,CP_Plus,http://www.cpplusworld.com/cp-unr-4k4084
8 Ch. Network Video Recorder,http://www.cpplusworld.com/pub/media/catalog/product/cache/small_image/240x300/beff4985b56e3afdbeabfc89641a4582/h/t/httpwww.cpplusworld.comuploadsproductmedium1095-cp-unr-108f1.jpg,CP-UNR-108F1,8ch_nvr,default,CP_Plus,http://www.cpplusworld.com/cp-unr-108f1
8 Ch. Network Video Recorder,http://www.cpplusworld.com/pub/media/catalog/product/cache/small_image/240x300/beff4985b56e3afdbeabfc89641a4582/h/t/httpwww.cpplusworld.comuploadsproductmedium1040p_mini1u.jpg,CP-UNR-408T1-P8,8ch_nvr,default,CP_Plus,http://www.cpplusworld.com/cp-unr-408t1-p8
8 Ch. Network Video Recorder,http://www.cpplusworld.com/pub/media/catalog/product/cache/small_image/240x300/beff4985b56e3afdbeabfc89641a4582/h/t/httpwww.cpplusworld.comuploadsproductmedium975p_1u.jpg,CP-UNR-408T2,8ch_nvr,default,CP_Plus,http://www.cpplusworld.com/cp-unr-408t2
8 Ch. Network Video Recorder,http://www.cpplusworld.com/pub/media/catalog/product/cache/small_image/240x300/beff4985b56e3afdbeabfc89641a4582/h/t/httpwww.cpplusworld.comuploadsproductmedium1785p_cp-enr-1408.jpg,CP-ENR-1408,8ch_nvr,red,CP_Plus,http://www.cpplusworld.com/cp-enr-1408
8 Ch. Network Video Recorder,http://www.cpplusworld.com/pub/media/catalog/product/cache/small_image/240x300/beff4985b56e3afdbeabfc89641a4582/h/t/httpwww.cpplusworld.comuploadsproductmedium1787p_cp-enr-2408.jpg,CP-ENR-2408,8ch_nvr,red,CP_Plus,http://www.cpplusworld.com/cp-enr-2408
8 Ch. Network Video Recorder,http://www.cpplusworld.com/pub/media/catalog/product/cache/small_image/240x300/beff4985b56e3afdbeabfc89641a4582/h/t/httpwww.cpplusworld.comuploadsproductmedium1793p_cp-enr-1508.jpg,CP-ENR-1508,8ch_nvr,red,CP_Plus,http://www.cpplusworld.com/cp-enr-1508
8 Ch. Network Video Recorder,http://www.cpplusworld.com/pub/media/catalog/product/cache/small_image/240x300/beff4985b56e3afdbeabfc89641a4582/h/t/httpwww.cpplusworld.comuploadsproductmedium1794p_cp-enr-2508.jpg,CP-ENR-2508,8ch_nvr,red,CP_Plus,http://www.cpplusworld.com/cp-enr-2508
8 Ch. 8PoE Network Video Recorder,http://www.cpplusworld.com/pub/media/catalog/product/cache/small_image/240x300/beff4985b56e3afdbeabfc89641a4582/h/t/httpwww.cpplusworld.comuploadsproductmedium1988p_cp-enr-1508-p8.jpg,CP-ENR-1508-P8,8ch_nvr,red,CP_Plus,http://www.cpplusworld.com/cp-enr-1508-p8
8 Ch. 8PoE Network Video Recorder,http://www.cpplusworld.com/pub/media/catalog/product/cache/small_image/240x300/beff4985b56e3afdbeabfc89641a4582/h/t/httpwww.cpplusworld.comuploadsproductmedium1989p_cp-enr-2508-p8.jpg,CP-ENR-2508-P8,8ch_nvr,red,CP_Plus,http://www.cpplusworld.com/cp-enr-2508-p8
8 Ch. 4K Network Video Recorder,http://www.cpplusworld.com/pub/media/catalog/product/cache/small_image/240x300/beff4985b56e3afdbeabfc89641a4582/h/t/httpwww.cpplusworld.comuploadsproductmedium1888p_cp-vnr-3108.jpg,CP-VNR-3108,8ch_nvr,indigo,CP_Plus,http://www.cpplusworld.com/cp-vnr-3108
8 Ch. 4K 8PoE Network Video Recorder,http://www.cpplusworld.com/pub/media/catalog/product/cache/small_image/240x300/beff4985b56e3afdbeabfc89641a4582/h/t/httpwww.cpplusworld.comuploadsproductmedium1891p_cp-vnr-3108-8p.jpg,CP-VNR-3108-8P,8ch_nvr,indigo,CP_Plus,http://www.cpplusworld.com/cp-vnr-3108-8p
8 Ch. 4K Network Video Recorder,http://www.cpplusworld.com/pub/media/catalog/product/cache/small_image/240x300/beff4985b56e3afdbeabfc89641a4582/h/t/httpwww.cpplusworld.comuploadsproductmedium1893p_cp-vnr-3208.jpg,CP-VNR-3208,8ch_nvr,indigo,CP_Plus,http://www.cpplusworld.com/cp-vnr-3208
8 Ch. 4K 8PoE Network Video Recorder,http://www.cpplusworld.com/pub/media/catalog/product/cache/small_image/240x300/beff4985b56e3afdbeabfc89641a4582/h/t/httpwww.cpplusworld.comuploadsproductmedium1895p_cp-vnr-3208-8p.jpg,CP-VNR-3208-8P,8ch_nvr,indigo,CP_Plus,http://www.cpplusworld.com/cp-vnr-3208-8p
16 Ch. H.265 Network Video Recorder,http://www.cpplusworld.com/pub/media/catalog/product/cache/small_image/240x300/beff4985b56e3afdbeabfc89641a4582/c/p/cp-unr-4k2162-v2.jpg,CP-UNR-4K2162-V2,16ch_nvr,default,CP_Plus,http://www.cpplusworld.com/cp-unr-4k2162-v2
16 Ch. H.265 Network Video Recorder,http://www.cpplusworld.com/pub/media/catalog/product/cache/small_image/240x300/beff4985b56e3afdbeabfc89641a4582/c/p/cp-unr-4k2161-v2.jpg,CP-UNR-4K2161-V2,16ch_nvr,default,CP_Plus,http://www.cpplusworld.com/cp-unr-4k2161-v2
16 Ch. H.265 4K Network Video Recorder,http://www.cpplusworld.com/pub/media/catalog/product/cache/small_image/240x300/beff4985b56e3afdbeabfc89641a4582/h/t/httpwww.cpplusworld.comuploadsproductmedium1818p_cp-unr-4k5164-p16v2.jpg,CP-UNR-4K5164-P16V2,16ch_nvr,default,CP_Plus,http://www.cpplusworld.com/cp-unr-4k5164-p16v2
16 Ch. Network Video Recorder,http://www.cpplusworld.com/pub/media/catalog/product/cache/small_image/240x300/beff4985b56e3afdbeabfc89641a4582/h/t/httpwww.cpplusworld.comuploadsproductmedium937p_mini1u.jpg,CP-UNR-416T1,16ch_nvr,default,CP_Plus,http://www.cpplusworld.com/cp-unr-416t1
16 Ch. Network Video Recorder,http://www.cpplusworld.com/pub/media/catalog/product/cache/small_image/240x300/beff4985b56e3afdbeabfc89641a4582/h/t/httpwww.cpplusworld.comuploadsproductmedium1702p_cp-unr-216t1-v2.jpg,CP-UNR-216T1-V2,16ch_nvr,default,CP_Plus,http://www.cpplusworld.com/cp-unr-216t1-v2
16 Ch. Network Video Recorder,http://www.cpplusworld.com/pub/media/catalog/product/cache/small_image/240x300/beff4985b56e3afdbeabfc89641a4582/h/t/httpwww.cpplusworld.comuploadsproductmedium1701p_cp-unr-216t2-v2.jpg,CP-UNR-216T2-V2,16ch_nvr,default,CP_Plus,http://www.cpplusworld.com/cp-unr-216t2-v2
16 Ch. H.265 4K Network Video Recorder,http://www.cpplusworld.com/pub/media/catalog/product/cache/small_image/240x300/beff4985b56e3afdbeabfc89641a4582/h/t/httpwww.cpplusworld.comuploadsproductmedium1664p_cp-unr-4k4168-v2.jpg,CP-UNR-4K4168-V2,16ch_nvr,default,CP_Plus,http://www.cpplusworld.com/cp-unr-4k4168-v2
16 Ch. H.265 4K Network Video Recorder,http://www.cpplusworld.com/pub/media/catalog/product/cache/small_image/240x300/beff4985b56e3afdbeabfc89641a4582/h/t/httpwww.cpplusworld.comuploadsproductmedium1662p_cp-unr-4k4164-v2.jpg,CP-UNR-4K4164-V2,16ch_nvr,default,CP_Plus,http://www.cpplusworld.com/cp-unr-4k4164-v2
16 Ch. H.265 4K Network Video Recorder,http://www.cpplusworld.com/pub/media/catalog/product/cache/small_image/240x300/beff4985b56e3afdbeabfc89641a4582/h/t/httpwww.cpplusworld.comuploadsproductmedium1660p_cp-unr-4k4162-v2.jpg,CP-UNR-4K4162-V2,16ch_nvr,default,CP_Plus,http://www.cpplusworld.com/cp-unr-4k4162-v2
16 Ch. 16PoE H.265 4K Network Video Recorder,http://www.cpplusworld.com/pub/media/catalog/product/cache/small_image/240x300/beff4985b56e3afdbeabfc89641a4582/h/t/httpwww.cpplusworld.comuploadsproductmedium1658p_cp-unr-4k416t4-p16v2.jpg,CP-UNR-4K4164-P16V2,16ch_nvr,default,CP_Plus,http://www.cpplusworld.com/cp-unr-4k4164-p16v2
16 Ch. H.265 4K Network Video Recorder,http://www.cpplusworld.com/pub/media/catalog/product/cache/small_image/240x300/beff4985b56e3afdbeabfc89641a4582/h/t/httpwww.cpplusworld.comuploadsproductmedium1657p_cp-unr-4k416t2-p16v2.jpg,CP-UNR-4K4162-P16V2,16ch_nvr,default,CP_Plus,http://www.cpplusworld.com/cp-unr-4k4162-p16v2
16 Ch. Network Video Recorder with 16 PoE Ports,http://www.cpplusworld.com/pub/media/catalog/product/cache/small_image/240x300/beff4985b56e3afdbeabfc89641a4582/h/t/httpwww.cpplusworld.comuploadsproductmedium1600p_cp-unr-416t8-p16.jpg,CP-UNR-416T8-P16,16ch_nvr,default,CP_Plus,http://www.cpplusworld.com/cp-unr-416t8-p16
16 Ch. H.265 4K Network Video Recorder,http://www.cpplusworld.com/pub/media/catalog/product/cache/small_image/240x300/beff4985b56e3afdbeabfc89641a4582/h/t/httpwww.cpplusworld.comuploadsproductmedium1226-cp-unr-4k4168.jpg,CP-UNR-4K4168,16ch_nvr,default,CP_Plus,http://www.cpplusworld.com/cp-unr-4k4168
16 Ch. H.265 4K Network Video Recorder,http://www.cpplusworld.com/pub/media/catalog/product/cache/small_image/240x300/beff4985b56e3afdbeabfc89641a4582/h/t/httpwww.cpplusworld.comuploadsproductmedium1208-cp-unr-4k4164.jpg,CP-UNR-4K4164,16ch_nvr,default,CP_Plus,http://www.cpplusworld.com/cp-unr-4k4164
16 Ch. Network Video Recorder,http://www.cpplusworld.com/pub/media/catalog/product/cache/small_image/240x300/beff4985b56e3afdbeabfc89641a4582/h/t/httpwww.cpplusworld.comuploadsproductmedium1206-cp-unr-416t2n.jpg,CP-UNR-416T2N,16ch_nvr,default,CP_Plus,http://www.cpplusworld.com/cp-unr-416t2n
16 Ch. Network Video Recorder,http://www.cpplusworld.com/pub/media/catalog/product/cache/small_image/240x300/beff4985b56e3afdbeabfc89641a4582/h/t/httpwww.cpplusworld.comuploadsproductmedium986p_2u.jpg,CP-UNR-416T8,16ch_nvr,default,CP_Plus,http://www.cpplusworld.com/cp-unr-416t8
16 Ch. Network Video Recorder,http://www.cpplusworld.com/pub/media/catalog/product/cache/small_image/240x300/beff4985b56e3afdbeabfc89641a4582/h/t/httpwww.cpplusworld.comuploadsproductmedium981p_1.5u.jpg,CP-UNR-416T4,16ch_nvr,default,CP_Plus,http://www.cpplusworld.com/cp-unr-416t4
16 Ch. Network Video Recorder,http://www.cpplusworld.com/pub/media/catalog/product/cache/small_image/240x300/beff4985b56e3afdbeabfc89641a4582/h/t/httpwww.cpplusworld.comuploadsproductmedium976p_1u.jpg,CP-UNR-416T2,16ch_nvr,default,CP_Plus,http://www.cpplusworld.com/cp-unr-416t2
16 Ch. Network Video Recorder,http://www.cpplusworld.com/pub/media/catalog/product/cache/small_image/240x300/beff4985b56e3afdbeabfc89641a4582/h/t/httpwww.cpplusworld.comuploadsproductmedium1786p_cp-enr-1416.jpg,CP-ENR-1416,16ch_nvr,red,CP_Plus,http://www.cpplusworld.com/cp-enr-1416
16 Ch. Network Video Recorder,http://www.cpplusworld.com/pub/media/catalog/product/cache/small_image/240x300/beff4985b56e3afdbeabfc89641a4582/h/t/httpwww.cpplusworld.comuploadsproductmedium1788p_cp-enr-2416.jpg,CP-ENR-2416,16ch_nvr,red,CP_Plus,http://www.cpplusworld.com/cp-enr-2416
16 Ch. Network Video Recorder,http://www.cpplusworld.com/pub/media/catalog/product/cache/small_image/240x300/beff4985b56e3afdbeabfc89641a4582/h/t/httpwww.cpplusworld.comuploadsproductmedium1795p_cp-enr-2516.jpg,CP-ENR-2516,16ch_nvr,red,CP_Plus,http://www.cpplusworld.com/cp-enr-2516
16 Ch. 16PoE Network Video Recorder,http://www.cpplusworld.com/pub/media/catalog/product/cache/small_image/240x300/beff4985b56e3afdbeabfc89641a4582/h/t/httpwww.cpplusworld.comuploadsproductmedium1990p_cp-enr-2516-p16.jpg,CP-ENR-2516-P16,16ch_nvr,red,CP_Plus,http://www.cpplusworld.com/cp-enr-2516-p16
16 Ch. 16PoE Network Video Recorder,http://www.cpplusworld.com/pub/media/catalog/product/cache/small_image/240x300/beff4985b56e3afdbeabfc89641a4582/h/t/httpwww.cpplusworld.comuploadsproductmedium1991p_cp-enr-4516-p16.jpg,CP-ENR-4516-P16,16ch_nvr,red,CP_Plus,http://www.cpplusworld.com/cp-enr-4516-p16
16 Ch. 16PoE Network Video Recorder,http://www.cpplusworld.com/pub/media/catalog/product/cache/small_image/240x300/beff4985b56e3afdbeabfc89641a4582/h/t/httpwww.cpplusworld.comuploadsproductmedium1992p_cp-enr-8516-p16.jpg,CP-ENR-8516-P16,16ch_nvr,red,CP_Plus,http://www.cpplusworld.com/cp-enr-8516-p16
16 Ch. 4K Network Video Recorder,http://www.cpplusworld.com/pub/media/catalog/product/cache/small_image/240x300/beff4985b56e3afdbeabfc89641a4582/h/t/httpwww.cpplusworld.comuploadsproductmedium1889p_cp-vnr-3116.jpg,CP-VNR-3116,16ch_nvr,indigo,CP_Plus,http://www.cpplusworld.com/cp-vnr-3116
16 Ch. 4K 8PoE Network Video Recorder,http://www.cpplusworld.com/pub/media/catalog/product/cache/small_image/240x300/beff4985b56e3afdbeabfc89641a4582/h/t/httpwww.cpplusworld.comuploadsproductmedium1892p_cp-vnr-3116-8p.jpg,CP-VNR-3116-8P,16ch_nvr,indigo,CP_Plus,http://www.cpplusworld.com/cp-vnr-3116-8p
16 Ch. 4K Network Video Recorder,http://www.cpplusworld.com/pub/media/catalog/product/cache/small_image/240x300/beff4985b56e3afdbeabfc89641a4582/h/t/httpwww.cpplusworld.comuploadsproductmedium1894p_cp-vnr-3216.jpg,CP-VNR-3216,16ch_nvr,indigo,CP_Plus,http://www.cpplusworld.com/cp-vnr-3216
16 Ch. 4K 16PoE Network Video Recorder,http://www.cpplusworld.com/pub/media/catalog/product/cache/small_image/240x300/beff4985b56e3afdbeabfc89641a4582/h/t/httpwww.cpplusworld.comuploadsproductmedium1896p_cp-vnr-3216-8p.jpg,CP-VNR-3216-16P,16ch_nvr,indigo,CP_Plus,http://www.cpplusworld.com/cp-vnr-3216-16p
16 Ch. 4K Network Video Recorder,http://www.cpplusworld.com/pub/media/catalog/product/cache/small_image/240x300/beff4985b56e3afdbeabfc89641a4582/h/t/httpwww.cpplusworld.comuploadsproductmedium1897p_cp-vnr-3416.jpg,CP-VNR-3416,16ch_nvr,indigo,CP_Plus,http://www.cpplusworld.com/cp-vnr-3416
16 Ch. 4K Network Video Recorder,http://www.cpplusworld.com/pub/media/catalog/product/cache/small_image/240x300/beff4985b56e3afdbeabfc89641a4582/h/t/httpwww.cpplusworld.comuploadsproductmedium1899p_cp-vnr-3816.jpg,CP-VNR-3816,16ch_nvr,indigo,CP_Plus,http://www.cpplusworld.com/cp-vnr-3816
32 Ch. H.265 4K Network Video Recorder,http://www.cpplusworld.com/pub/media/catalog/product/cache/small_image/240x300/beff4985b56e3afdbeabfc89641a4582/h/t/httpwww.cpplusworld.comuploadsproductmedium1663p_cp-unr-4k4324-v2.jpg,CP-UNR-4K4324-V2,32ch_nvr,default,CP_Plus,http://www.cpplusworld.com/cp-unr-4k4324-v2
32 Ch. H.265 4K Network Video Recorder,http://www.cpplusworld.com/pub/media/catalog/product/cache/small_image/240x300/beff4985b56e3afdbeabfc89641a4582/h/t/httpwww.cpplusworld.comuploadsproductmedium1665p_cp-unr-4k4328-v2.jpg,CP-UNR-4K4328-V2,32ch_nvr,default,CP_Plus,http://www.cpplusworld.com/cp-unr-4k4328-v2
32 Ch. Network Video Recorder,http://www.cpplusworld.com/pub/media/catalog/product/cache/small_image/240x300/beff4985b56e3afdbeabfc89641a4582/h/t/httpwww.cpplusworld.comuploadsproductmedium977p_1u.jpg,CP-UNR-432T2,32ch_nvr,default,CP_Plus,http://www.cpplusworld.com/cp-unr-432t2
32 Ch. H.265 4K Network Video Recorder,http://www.cpplusworld.com/pub/media/catalog/product/cache/small_image/240x300/beff4985b56e3afdbeabfc89641a4582/h/t/httpwww.cpplusworld.comuploadsproductmedium1661p_cp-unr-4k4322-v2.jpg,CP-UNR-4K4322-V2,32ch_nvr,default,CP_Plus,http://www.cpplusworld.com/cp-unr-4k4322-v2
32 Ch. H.265 4K Network Video Recorder,http://www.cpplusworld.com/pub/media/catalog/product/cache/small_image/240x300/beff4985b56e3afdbeabfc89641a4582/c/p/cp-unr-4k632r8-v2.jpg,CP-UNR-4K632R8-V2,32ch_nvr,default,CP_Plus,http://www.cpplusworld.com/cp-unr-4k632r8-v2
32 Ch. Network Video Recorder with 16 PoE Ports,http://www.cpplusworld.com/pub/media/catalog/product/cache/small_image/240x300/beff4985b56e3afdbeabfc89641a4582/h/t/httpwww.cpplusworld.comuploadsproductmedium1601p_cp-unr-432t8-p16.jpg,CP-UNR-432T8-P16,32ch_nvr,default,CP_Plus,http://www.cpplusworld.com/cp-unr-432t8-p16
32 Ch. Network Video Recorder,http://www.cpplusworld.com/pub/media/catalog/product/cache/small_image/240x300/beff4985b56e3afdbeabfc89641a4582/h/t/httpwww.cpplusworld.comuploadsproductmedium1225-cp-unr-432t2n.jpg,CP-UNR-432T2N,32ch_nvr,default,CP_Plus,http://www.cpplusworld.com/cp-unr-432t2n
32 Ch. H.264 4K Super Network Video Recorder,http://www.cpplusworld.com/pub/media/catalog/product/cache/small_image/240x300/beff4985b56e3afdbeabfc89641a4582/h/t/httpwww.cpplusworld.comuploadsproductmedium1211-cp-unr-4k6328.jpg,CP-UNR-4K6328,32ch_nvr,default,CP_Plus,http://www.cpplusworld.com/cp-unr-4k6328
32 Ch. H.265 4K Network Video Recorder,http://www.cpplusworld.com/pub/media/catalog/product/cache/small_image/240x300/beff4985b56e3afdbeabfc89641a4582/h/t/httpwww.cpplusworld.comuploadsproductmedium1210-cp-unr-4k4328.jpg,CP-UNR-4K4328,32ch_nvr,default,CP_Plus,http://www.cpplusworld.com/cp-unr-4k4328
32 Ch. H.265 4K Network Video Recorder,http://www.cpplusworld.com/pub/media/catalog/product/cache/small_image/240x300/beff4985b56e3afdbeabfc89641a4582/h/t/httpwww.cpplusworld.comuploadsproductmedium1209-cp-unr-4k4324.jpg,CP-UNR-4K4324,32ch_nvr,default,CP_Plus,http://www.cpplusworld.com/cp-unr-4k4324
32 Ch. H.265 4K Network Video Recorder,http://www.cpplusworld.com/pub/media/catalog/product/cache/small_image/240x300/beff4985b56e3afdbeabfc89641a4582/h/t/httpwww.cpplusworld.comuploadsproductmedium1207-cp-unr-4k4322.jpg,CP-UNR-4K4322,32ch_nvr,default,CP_Plus,http://www.cpplusworld.com/cp-unr-4k4322
32 Ch. Network Video Recorder,http://www.cpplusworld.com/pub/media/catalog/product/cache/small_image/240x300/beff4985b56e3afdbeabfc89641a4582/h/t/httpwww.cpplusworld.comuploadsproductmedium987p_2u.jpg,CP-UNR-432T8,32ch_nvr,default,CP_Plus,http://www.cpplusworld.com/cp-unr-432t8
32 Ch. Network Video Recorder,http://www.cpplusworld.com/pub/media/catalog/product/cache/small_image/240x300/beff4985b56e3afdbeabfc89641a4582/h/t/httpwww.cpplusworld.comuploadsproductmedium982p_1.5u.jpg,CP-UNR-432T4,32ch_nvr,default,CP_Plus,http://www.cpplusworld.com/cp-unr-432t4
32 Ch. Network Video Recorder,http://www.cpplusworld.com/pub/media/catalog/product/cache/small_image/240x300/beff4985b56e3afdbeabfc89641a4582/h/t/httpwww.cpplusworld.comuploadsproductmedium1799p_cp-enr-8532.jpg,CP-ENR-8532,32ch_nvr,red,CP_Plus,http://www.cpplusworld.com/cp-enr-8532
32 Ch. Network Video Recorder,http://www.cpplusworld.com/pub/media/catalog/product/cache/small_image/240x300/beff4985b56e3afdbeabfc89641a4582/h/t/httpwww.cpplusworld.comuploadsproductmedium1798p_cp-enr-4532.jpg,CP-ENR-4532,32ch_nvr,red,CP_Plus,http://www.cpplusworld.com/cp-enr-4532
32 Ch. Network Video Recorder,http://www.cpplusworld.com/pub/media/catalog/product/cache/small_image/240x300/beff4985b56e3afdbeabfc89641a4582/h/t/httpwww.cpplusworld.comuploadsproductmedium1796p_cp-enr-2532.jpg,CP-ENR-2532,32ch_nvr,red,CP_Plus,http://www.cpplusworld.com/cp-enr-2532
32 Ch. Network Video Recorder,http://www.cpplusworld.com/pub/media/catalog/product/cache/small_image/240x300/beff4985b56e3afdbeabfc89641a4582/h/t/httpwww.cpplusworld.comuploadsproductmedium1791p_cp-enr-8432.jpg,CP-ENR-8432,32ch_nvr,red,CP_Plus,http://www.cpplusworld.com/cp-enr-8432
32 Ch. Network Video Recorder,http://www.cpplusworld.com/pub/media/catalog/product/cache/small_image/240x300/beff4985b56e3afdbeabfc89641a4582/h/t/httpwww.cpplusworld.comuploadsproductmedium1790p_cp-enr-4432.jpg,CP-ENR-4432,32ch_nvr,red,CP_Plus,http://www.cpplusworld.com/cp-enr-4432
32 Ch. Network Video Recorder,http://www.cpplusworld.com/pub/media/catalog/product/cache/small_image/240x300/beff4985b56e3afdbeabfc89641a4582/h/t/httpwww.cpplusworld.comuploadsproductmedium1789p_cp-enr-2432.jpg,CP-ENR-2432,32ch_nvr,red,CP_Plus,http://www.cpplusworld.com/cp-enr-2432
32 Ch. 4K Network Video Recorder,http://www.cpplusworld.com/pub/media/catalog/product/cache/small_image/240x300/beff4985b56e3afdbeabfc89641a4582/h/t/httpwww.cpplusworld.comuploadsproductmedium1898p_cp-vnr-3432.jpg,CP-VNR-3432,32ch_nvr,indigo,CP_Plus,http://www.cpplusworld.com/cp-vnr-3432
32 Ch. 4K Network Video Recorder,http://www.cpplusworld.com/pub/media/catalog/product/cache/small_image/240x300/beff4985b56e3afdbeabfc89641a4582/h/t/httpwww.cpplusworld.comuploadsproductmedium1900p_cp-vnr-3832.jpg,CP-VNR-3832,32ch_nvr,indigo,CP_Plus,http://www.cpplusworld.com/cp-vnr-3832
32 Ch. 4K Network Video Recorder,http://www.cpplusworld.com/pub/media/catalog/product/cache/small_image/240x300/beff4985b56e3afdbeabfc89641a4582/h/t/httpwww.cpplusworld.comuploadsproductmedium1908p_cp-vnr-3232.jpg,CP-VNR-3232,32ch_nvr,indigo,CP_Plus,http://www.cpplusworld.com/cp-vnr-3232
